EmployeeID,EmployeeCount,Age,AgeGroup,Attrition,BusinessTravel,DailyRate,Department,DistanceFromHome,Education,EducationField,EnvironmentSatisfaction,Gender,HourlyRate,JobInvolvement,JobLevel,JobRole,JobSatisfaction,MaritalStatus,MonthlyIncome,IncomeBand,MonthlyRate,NumCompaniesWorked,OverTime,PercentSalaryHike,PerformanceRating,RelationshipSatisfaction,StockOptionLevel,TotalWorkingYears,TrainingTimesLastYear,WorkLifeBalance,YearsAtCompany,YearsInCurrentRole,YearsSinceLastPromotion,YearsWithCurrManager
1,1,41,36-44,Yes,"Travel Rarely",1102,Sales,1,2,"Life Sciences",2,Female,94,3,2,"Sales Executive",4,Single,5993,5k-10k,19479,8,Yes,11,3,1,0,8,0,1,6,4,0,5
2,1,49,45-53,No,"Travel Frequently",279,"Research & Development",8,1,"Life Sciences",3,Male,61,2,2,"Research Scientist",2,Married,5130,5k-10k,24907,1,No,23,4,4,1,10,3,3,10,7,1,7
4,1,37,36-44,Yes,"Travel Rarely",1373,"Research & Development",2,2,Other,4,Male,92,2,1,"Laboratory Technician",3,Single,2090,1k-5k,2396,6,Yes,15,3,2,0,7,3,3,0,0,0,0
5,1,33,27-35,No,"Travel Frequently",1392,"Research & Development",3,4,"Life Sciences",4,Female,56,3,1,"Research Scientist",3,Married,2909,1k-5k,23159,1,Yes,11,3,3,0,8,3,3,8,7,3,0
7,1,27,27-35,No,"Travel Rarely",591,"Research & Development",2,1,Medical,1,Male,40,3,1,"Laboratory Technician",2,Married,3468,1k-5k,16632,9,No,12,3,4,1,6,3,3,2,2,2,2
8,1,32,27-35,No,"Travel Frequently",1005,"Research & Development",2,2,"Life Sciences",4,Male,79,3,1,"Laboratory Technician",4,Single,3068,1k-5k,11864,0,No,13,3,3,0,8,2,2,7,7,3,6
10,1,59,54-60,No,"Travel Rarely",1324,"Research & Development",3,3,Medical,3,Female,81,4,1,"Laboratory Technician",1,Married,2670,1k-5k,9964,4,Yes,20,4,1,3,12,3,2,1,0,0,0
11,1,30,27-35,No,"Travel Rarely",1358,"Research & Development",24,1,"Life Sciences",4,Male,67,3,1,"Laboratory Technician",3,Divorced,2693,1k-5k,13335,1,No,22,4,2,1,1,2,3,1,0,0,0
12,1,38,36-44,No,"Travel Frequently",216,"Research & Development",23,3,"Life Sciences",4,Male,44,2,3,"Manufacturing Director",3,Single,9526,5k-10k,8787,0,No,21,4,2,0,10,2,3,9,7,1,8
13,1,36,36-44,No,"Travel Rarely",1299,"Research & Development",27,3,Medical,3,Male,94,3,2,"Healthcare Representative",3,Married,5237,5k-10k,16577,6,No,13,3,2,2,17,3,2,7,7,7,7
14,1,35,27-35,No,"Travel Rarely",809,"Research & Development",16,3,Medical,1,Male,84,4,1,"Laboratory Technician",2,Married,2426,1k-5k,16479,0,No,13,3,3,1,6,5,3,5,4,0,3
15,1,29,27-35,No,"Travel Rarely",153,"Research & Development",15,2,"Life Sciences",4,Female,49,2,2,"Laboratory Technician",3,Single,4193,1k-5k,12682,0,Yes,12,3,4,0,10,3,3,9,5,0,8
16,1,31,27-35,No,"Travel Rarely",670,"Research & Development",26,1,"Life Sciences",1,Male,31,3,1,"Research Scientist",3,Divorced,2911,1k-5k,15170,1,No,17,3,4,1,5,1,2,5,2,4,3
18,1,34,27-35,No,"Travel Rarely",1346,"Research & Development",19,2,Medical,2,Male,93,3,1,"Laboratory Technician",4,Divorced,2661,1k-5k,8758,0,No,11,3,3,1,3,2,3,2,2,1,2
19,1,28,27-35,Yes,"Travel Rarely",103,"Research & Development",24,3,"Life Sciences",3,Male,50,2,1,"Laboratory Technician",3,Single,2028,1k-5k,12947,5,Yes,14,3,2,0,6,4,3,4,2,0,3
20,1,29,27-35,No,"Travel Rarely",1389,"Research & Development",21,4,"Life Sciences",2,Female,51,4,3,"Manufacturing Director",1,Divorced,9980,5k-10k,10195,1,No,11,3,3,1,10,1,3,10,9,8,8
21,1,32,27-35,No,"Travel Rarely",334,"Research & Development",5,2,"Life Sciences",1,Male,80,4,1,"Research Scientist",2,Divorced,3298,1k-5k,15053,0,Yes,12,3,4,2,7,5,2,6,2,0,5
22,1,22,18-26,No,Non-Travel,1123,"Research & Development",16,2,Medical,4,Male,96,4,1,"Laboratory Technician",4,Divorced,2935,1k-5k,7324,1,Yes,13,3,2,2,1,2,2,1,0,0,0
23,1,53,45-53,No,"Travel Rarely",1219,Sales,2,4,"Life Sciences",1,Female,78,2,4,Manager,4,Married,15427,15k-20k,22021,2,No,16,3,3,0,31,3,3,25,8,3,7
24,1,38,36-44,No,"Travel Rarely",371,"Research & Development",2,3,"Life Sciences",4,Male,45,3,1,"Research Scientist",4,Single,3944,1k-5k,4306,5,Yes,11,3,3,0,6,3,3,3,2,1,2
26,1,24,18-26,No,Non-Travel,673,"Research & Development",11,2,Other,1,Female,96,4,2,"Manufacturing Director",3,Divorced,4011,1k-5k,8232,0,No,18,3,4,1,5,5,2,4,2,1,3
27,1,36,36-44,Yes,"Travel Rarely",1218,Sales,9,4,"Life Sciences",3,Male,82,2,1,"Sales Representative",1,Single,3407,1k-5k,6986,7,No,23,4,2,0,10,4,3,5,3,0,3
28,1,34,27-35,No,"Travel Rarely",419,"Research & Development",7,4,"Life Sciences",1,Female,53,3,3,"Research Director",2,Single,11994,10k-15k,21293,0,No,11,3,3,0,13,4,3,12,6,2,11
30,1,21,18-26,No,"Travel Rarely",391,"Research & Development",15,2,"Life Sciences",3,Male,96,3,1,"Research Scientist",4,Single,1232,1k-5k,19281,1,No,14,3,4,0,0,6,3,0,0,0,0
31,1,34,27-35,Yes,"Travel Rarely",699,"Research & Development",6,1,Medical,2,Male,83,3,1,"Research Scientist",1,Single,2960,1k-5k,17102,2,No,11,3,3,0,8,2,3,4,2,1,3
32,1,53,45-53,No,"Travel Rarely",1282,"Research & Development",5,3,Other,3,Female,58,3,5,Manager,3,Divorced,19094,15k-20k,10735,4,No,11,3,4,1,26,3,2,14,13,4,8
33,1,32,27-35,Yes,"Travel Frequently",1125,"Research & Development",16,1,"Life Sciences",2,Female,72,1,1,"Research Scientist",1,Single,3919,1k-5k,4681,1,Yes,22,4,2,0,10,5,3,10,2,6,7
35,1,42,36-44,No,"Travel Rarely",691,Sales,8,4,Marketing,3,Male,48,3,2,"Sales Executive",2,Married,6825,5k-10k,21173,0,No,11,3,4,1,10,2,3,9,7,4,2
36,1,44,36-44,No,"Travel Rarely",477,"Research & Development",7,4,Medical,1,Female,42,2,3,"Healthcare Representative",4,Married,10248,10k-15k,2094,3,No,14,3,4,1,24,4,3,22,6,5,17
38,1,46,45-53,No,"Travel Rarely",705,Sales,2,4,Marketing,2,Female,83,3,5,Manager,1,Single,18947,15k-20k,22822,3,No,12,3,4,0,22,2,2,2,2,2,1
39,1,33,27-35,No,"Travel Rarely",924,"Research & Development",2,3,Medical,3,Male,78,3,1,"Laboratory Technician",4,Single,2496,1k-5k,6670,4,No,11,3,4,0,7,3,3,1,1,0,0
40,1,44,36-44,No,"Travel Rarely",1459,"Research & Development",10,4,Other,4,Male,41,3,2,"Healthcare Representative",4,Married,6465,5k-10k,19121,2,Yes,13,3,4,0,9,5,4,4,2,1,3
41,1,30,27-35,No,"Travel Rarely",125,"Research & Development",9,2,Medical,4,Male,83,2,1,"Laboratory Technician",3,Single,2206,1k-5k,16117,1,No,13,3,1,0,10,5,3,10,0,1,8
42,1,39,36-44,Yes,"Travel Rarely",895,Sales,5,3,"Technical Degree",4,Male,56,3,2,"Sales Representative",4,Married,2086,1k-5k,3335,3,No,14,3,3,1,19,6,4,1,0,0,0
45,1,24,18-26,Yes,"Travel Rarely",813,"Research & Development",1,3,Medical,2,Male,61,3,1,"Research Scientist",4,Married,2293,1k-5k,3020,2,Yes,16,3,1,1,6,2,2,2,0,2,0
46,1,43,36-44,No,"Travel Rarely",1273,"Research & Development",2,2,Medical,4,Female,72,4,1,"Research Scientist",3,Divorced,2645,1k-5k,21923,1,No,12,3,4,2,6,3,2,5,3,1,4
47,1,50,45-53,Yes,"Travel Rarely",869,Sales,3,2,Marketing,1,Male,86,2,1,"Sales Representative",3,Married,2683,1k-5k,3810,1,Yes,14,3,3,0,3,2,3,3,2,0,2
49,1,35,27-35,No,"Travel Rarely",890,Sales,2,3,Marketing,4,Female,97,3,1,"Sales Representative",4,Married,2014,1k-5k,9687,1,No,13,3,1,0,2,3,3,2,2,2,2
51,1,36,36-44,No,"Travel Rarely",852,"Research & Development",5,4,"Life Sciences",2,Female,82,2,1,"Research Scientist",1,Married,3419,1k-5k,13072,9,Yes,14,3,4,1,6,3,4,1,1,0,0
52,1,33,27-35,No,"Travel Frequently",1141,Sales,1,3,"Life Sciences",3,Female,42,4,2,"Sales Executive",1,Married,5376,5k-10k,3193,2,No,19,3,1,2,10,3,3,5,3,1,3
53,1,35,27-35,No,"Travel Rarely",464,"Research & Development",4,2,Other,3,Male,75,3,1,"Laboratory Technician",4,Divorced,1951,1k-5k,10910,1,No,12,3,3,1,1,3,3,1,0,0,0
54,1,27,27-35,No,"Travel Rarely",1240,"Research & Development",2,4,"Life Sciences",4,Female,33,3,1,"Laboratory Technician",1,Divorced,2341,1k-5k,19715,1,No,13,3,4,1,1,6,3,1,0,0,0
55,1,26,18-26,Yes,"Travel Rarely",1357,"Research & Development",25,3,"Life Sciences",1,Male,48,1,1,"Laboratory Technician",3,Single,2293,1k-5k,10558,1,No,12,3,3,0,1,2,2,1,0,0,1
56,1,27,27-35,No,"Travel Frequently",994,Sales,8,3,"Life Sciences",4,Male,37,3,3,"Sales Executive",3,Single,8726,5k-10k,2975,1,No,15,3,4,0,9,0,3,9,8,1,7
57,1,30,27-35,No,"Travel Frequently",721,"Research & Development",1,2,Medical,3,Female,58,3,2,"Laboratory Technician",4,Single,4011,1k-5k,10781,1,No,23,4,4,0,12,2,3,12,8,3,7
58,1,41,36-44,Yes,"Travel Rarely",1360,"Research & Development",12,3,"Technical Degree",2,Female,49,3,5,"Research Director",3,Married,19545,15k-20k,16280,1,No,12,3,4,0,23,0,3,22,15,15,8
60,1,34,27-35,No,Non-Travel,1065,Sales,23,4,Marketing,2,Male,72,3,2,"Sales Executive",3,Single,4568,1k-5k,10034,0,No,20,4,3,0,10,2,3,9,5,8,7
61,1,37,36-44,No,"Travel Rarely",408,"Research & Development",19,2,"Life Sciences",2,Male,73,3,1,"Research Scientist",2,Married,3022,1k-5k,10227,4,No,21,4,1,0,8,1,3,1,0,0,0
62,1,46,45-53,No,"Travel Frequently",1211,Sales,5,4,Marketing,1,Male,98,3,2,"Sales Executive",4,Single,5772,5k-10k,20445,4,Yes,21,4,3,0,14,4,3,9,6,0,8
63,1,35,27-35,No,"Travel Rarely",1229,"Research & Development",8,1,"Life Sciences",4,Male,36,4,1,"Laboratory Technician",4,Married,2269,1k-5k,4892,1,No,19,3,4,0,1,2,3,1,0,0,1
64,1,48,45-53,Yes,"Travel Rarely",626,"Research & Development",1,2,"Life Sciences",1,Male,98,2,3,"Laboratory Technician",3,Single,5381,5k-10k,19294,9,Yes,13,3,4,0,23,2,3,1,0,0,0
65,1,28,27-35,Yes,"Travel Rarely",1434,"Research & Development",5,4,"Technical Degree",3,Male,50,3,1,"Laboratory Technician",3,Single,3441,1k-5k,11179,1,Yes,13,3,3,0,2,3,2,2,2,2,2
68,1,44,36-44,No,"Travel Rarely",1488,Sales,1,5,Marketing,2,Female,75,3,2,"Sales Executive",1,Divorced,5454,5k-10k,4009,5,Yes,21,4,3,1,9,2,2,4,3,1,3
70,1,35,27-35,No,Non-Travel,1097,"Research & Development",11,2,Medical,3,Male,79,2,3,"Healthcare Representative",1,Married,9884,5k-10k,8302,2,Yes,13,3,3,1,10,3,3,4,0,2,3
72,1,26,18-26,No,"Travel Rarely",1443,Sales,23,3,Marketing,3,Female,47,2,2,"Sales Executive",4,Married,4157,1k-5k,21436,7,Yes,19,3,3,1,5,2,2,2,2,0,0
73,1,33,27-35,No,"Travel Frequently",515,"Research & Development",1,2,"Life Sciences",1,Female,98,3,3,"Research Director",4,Single,13458,10k-15k,15146,1,Yes,12,3,3,0,15,1,3,15,14,8,12
74,1,35,27-35,No,"Travel Frequently",853,Sales,18,5,"Life Sciences",2,Male,71,3,3,"Sales Executive",1,Married,9069,5k-10k,11031,1,No,22,4,4,1,9,3,2,9,8,1,8
75,1,35,27-35,No,"Travel Rarely",1142,"Research & Development",23,4,Medical,3,Female,30,3,1,"Laboratory Technician",1,Married,4014,1k-5k,16002,3,Yes,15,3,3,1,4,3,3,2,2,2,2
76,1,31,27-35,No,"Travel Rarely",655,"Research & Development",7,4,"Life Sciences",4,Male,48,3,2,"Laboratory Technician",4,Divorced,5915,5k-10k,9528,3,No,22,4,4,1,10,3,2,7,7,1,7
77,1,37,36-44,No,"Travel Rarely",1115,"Research & Development",1,4,"Life Sciences",1,Male,51,2,2,"Manufacturing Director",3,Divorced,5993,5k-10k,2689,1,No,18,3,3,1,7,2,4,7,5,0,7
78,1,32,27-35,No,"Travel Rarely",427,"Research & Development",1,3,Medical,1,Male,33,3,2,"Manufacturing Director",4,Married,6162,5k-10k,10877,1,Yes,22,4,2,1,9,3,3,9,8,7,8
79,1,38,36-44,No,"Travel Frequently",653,"Research & Development",29,5,"Life Sciences",4,Female,50,3,2,"Laboratory Technician",4,Single,2406,1k-5k,5456,1,No,11,3,4,0,10,2,3,10,3,9,9
80,1,50,45-53,No,"Travel Rarely",989,"Research & Development",7,2,Medical,2,Female,43,2,5,"Research Director",3,Divorced,18740,15k-20k,16701,5,Yes,12,3,4,1,29,2,2,27,3,13,8
81,1,59,54-60,No,"Travel Rarely",1435,Sales,25,3,"Life Sciences",1,Female,99,3,3,"Sales Executive",1,Single,7637,5k-10k,2354,7,No,11,3,4,0,28,3,2,21,16,7,9
83,1,36,36-44,No,"Travel Rarely",1223,"Research & Development",8,3,"Technical Degree",3,Female,59,3,3,"Healthcare Representative",3,Divorced,10096,10k-15k,8202,1,No,13,3,2,3,17,2,3,17,14,12,8
84,1,55,54-60,No,"Travel Rarely",836,"Research & Development",8,3,Medical,4,Female,33,3,4,Manager,3,Divorced,14756,10k-15k,19730,2,Yes,14,3,3,3,21,2,3,5,0,0,2
85,1,36,36-44,No,"Travel Frequently",1195,"Research & Development",11,3,"Life Sciences",2,Male,95,2,2,"Manufacturing Director",2,Single,6499,5k-10k,22656,1,No,13,3,3,0,6,3,3,6,5,0,3
86,1,45,45-53,No,"Travel Rarely",1339,"Research & Development",7,3,"Life Sciences",2,Male,59,3,3,"Research Scientist",1,Divorced,9724,5k-10k,18787,2,No,17,3,3,1,25,2,3,1,0,0,0
88,1,35,27-35,No,"Travel Frequently",664,"Research & Development",1,3,Medical,2,Male,79,3,1,"Research Scientist",1,Married,2194,1k-5k,5868,4,No,13,3,4,1,5,2,2,3,2,1,2
90,1,36,36-44,Yes,"Travel Rarely",318,"Research & Development",9,3,Medical,4,Male,79,2,1,"Research Scientist",3,Married,3388,1k-5k,21777,0,Yes,17,3,1,1,2,0,2,1,0,0,0
91,1,59,54-60,No,"Travel Frequently",1225,Sales,1,1,"Life Sciences",1,Female,57,2,2,"Sales Executive",3,Single,5473,5k-10k,24668,7,No,11,3,4,0,20,2,2,4,3,1,3
94,1,29,27-35,No,"Travel Rarely",1328,"Research & Development",2,3,"Life Sciences",3,Male,76,3,1,"Research Scientist",2,Married,2703,1k-5k,4956,0,No,23,4,4,1,6,3,3,5,4,0,4
95,1,31,27-35,No,"Travel Rarely",1082,"Research & Development",1,4,Medical,3,Male,87,3,1,"Research Scientist",2,Single,2501,1k-5k,18775,1,No,17,3,2,0,1,4,3,1,1,1,0
96,1,32,27-35,No,"Travel Rarely",548,"Research & Development",1,3,"Life Sciences",2,Male,66,3,2,"Research Scientist",2,Married,6220,5k-10k,7346,1,No,17,3,2,2,10,3,3,10,4,0,9
97,1,36,36-44,No,"Travel Rarely",132,"Research & Development",6,3,"Life Sciences",2,Female,55,4,1,"Laboratory Technician",4,Married,3038,1k-5k,22002,3,No,12,3,2,0,5,3,3,1,0,0,0
98,1,31,27-35,No,"Travel Rarely",746,"Research & Development",8,4,"Life Sciences",3,Female,61,3,2,"Manufacturing Director",4,Single,4424,1k-5k,20682,1,No,23,4,4,0,11,2,3,11,7,1,8
100,1,35,27-35,No,"Travel Rarely",776,Sales,1,4,Marketing,3,Male,32,2,2,"Sales Executive",1,Single,4312,1k-5k,23016,0,No,14,3,2,0,16,2,3,15,13,2,8
101,1,45,45-53,No,"Travel Rarely",193,"Research & Development",6,4,Other,4,Male,52,3,3,"Research Director",1,Married,13245,10k-15k,15067,4,Yes,14,3,2,0,17,3,4,0,0,0,0
102,1,37,36-44,No,"Travel Rarely",397,"Research & Development",7,4,Medical,1,Male,30,3,3,"Research Director",3,Single,13664,10k-15k,25258,4,No,13,3,1,0,16,3,4,5,2,0,2
103,1,46,45-53,No,"Travel Rarely",945,"Human Resources",5,2,Medical,2,Male,80,3,2,"Human Resources",2,Divorced,5021,5k-10k,10425,8,Yes,22,4,4,1,16,2,3,4,2,0,2
104,1,30,27-35,No,"Travel Rarely",852,"Research & Development",1,1,"Life Sciences",4,Male,55,2,2,"Laboratory Technician",4,Married,5126,5k-10k,15998,1,Yes,12,3,3,2,10,1,2,10,8,3,0
105,1,35,27-35,No,"Travel Rarely",1214,"Research & Development",1,3,Medical,2,Male,30,2,1,"Research Scientist",3,Single,2859,1k-5k,26278,1,No,18,3,1,0,6,3,3,6,4,0,4
106,1,55,54-60,No,"Travel Rarely",111,Sales,1,2,"Life Sciences",1,Male,70,3,3,"Sales Executive",4,Married,10239,10k-15k,18092,3,No,14,3,4,1,24,4,3,1,0,1,0
107,1,38,36-44,No,Non-Travel,573,"Research & Development",6,3,Medical,2,Female,79,1,2,"Research Scientist",4,Divorced,5329,5k-10k,15717,7,Yes,12,3,4,3,17,3,3,13,11,1,9
110,1,34,27-35,No,"Travel Rarely",1153,"Research & Development",1,2,Medical,1,Male,94,3,2,"Manufacturing Director",2,Married,4325,1k-5k,17736,1,No,15,3,3,0,5,2,3,5,2,1,3
112,1,56,54-60,No,"Travel Rarely",1400,"Research & Development",7,3,"Life Sciences",4,Male,49,1,3,"Manufacturing Director",4,Single,7260,5k-10k,21698,4,No,11,3,1,0,37,3,2,6,4,0,2
113,1,23,18-26,No,"Travel Rarely",541,Sales,2,1,"Technical Degree",3,Male,62,3,1,"Sales Representative",1,Divorced,2322,1k-5k,9518,3,No,13,3,3,1,3,3,3,0,0,0,0
116,1,51,45-53,No,"Travel Rarely",432,"Research & Development",9,4,"Life Sciences",4,Male,96,3,1,"Laboratory Technician",4,Married,2075,1k-5k,18725,3,No,23,4,2,2,10,4,3,4,2,0,3
117,1,30,27-35,No,"Travel Rarely",288,"Research & Development",2,3,"Life Sciences",3,Male,99,2,2,"Healthcare Representative",4,Married,4152,1k-5k,15830,1,No,19,3,1,3,11,3,3,11,10,10,8
118,1,46,45-53,Yes,"Travel Rarely",669,Sales,9,2,Medical,3,Male,64,2,3,"Sales Executive",4,Single,9619,5k-10k,13596,1,No,16,3,4,0,9,3,3,9,8,4,7
119,1,40,36-44,No,"Travel Frequently",530,"Research & Development",1,4,"Life Sciences",3,Male,78,2,4,"Healthcare Representative",2,Married,13503,10k-15k,14115,1,No,22,4,4,1,22,3,2,22,3,11,11
120,1,51,45-53,No,"Travel Rarely",632,Sales,21,4,Marketing,3,Male,71,3,2,"Sales Executive",4,Single,5441,5k-10k,8423,0,Yes,22,4,4,0,11,2,1,10,7,1,0
121,1,30,27-35,No,"Travel Rarely",1334,Sales,4,2,Medical,3,Female,63,2,2,"Sales Executive",2,Divorced,5209,5k-10k,19760,1,Yes,12,3,2,3,11,4,2,11,8,2,7
124,1,46,45-53,No,"Travel Frequently",638,"Research & Development",1,3,Medical,3,Male,40,2,3,"Healthcare Representative",1,Married,10673,10k-15k,3142,2,Yes,13,3,3,1,21,5,2,10,9,9,5
125,1,32,27-35,No,"Travel Rarely",1093,Sales,6,4,Medical,2,Male,87,3,2,"Sales Executive",3,Single,5010,5k-10k,24301,1,No,16,3,1,0,12,0,3,11,8,5,7
126,1,54,54-60,No,"Travel Rarely",1217,"Research & Development",2,4,"Technical Degree",1,Female,60,3,3,"Research Director",3,Married,13549,10k-15k,24001,9,No,12,3,1,1,16,5,1,4,3,0,3
128,1,24,18-26,No,"Travel Rarely",1353,Sales,3,2,Other,1,Female,33,3,2,"Sales Executive",3,Married,4999,1k-5k,17519,0,No,21,4,1,1,4,2,2,3,2,0,2
129,1,28,27-35,No,Non-Travel,120,Sales,4,3,Medical,2,Male,43,3,2,"Sales Executive",3,Married,4221,1k-5k,8863,1,No,15,3,2,0,5,3,4,5,4,0,4
131,1,58,54-60,No,"Travel Rarely",682,Sales,10,4,Medical,4,Male,37,3,4,"Sales Executive",3,Single,13872,10k-15k,24409,0,No,13,3,3,0,38,1,2,37,10,1,8
132,1,44,36-44,No,Non-Travel,489,"Research & Development",23,3,Medical,2,Male,67,3,2,"Laboratory Technician",2,Married,2042,1k-5k,25043,4,No,12,3,3,1,17,3,4,3,2,1,2
133,1,37,36-44,Yes,"Travel Rarely",807,"Human Resources",6,4,"Human Resources",3,Male,63,3,1,"Human Resources",1,Divorced,2073,1k-5k,23648,4,Yes,22,4,4,0,7,3,3,3,2,0,2
134,1,32,27-35,No,"Travel Rarely",827,"Research & Development",1,1,"Life Sciences",4,Male,71,3,1,"Research Scientist",1,Single,2956,1k-5k,15178,1,No,13,3,4,0,1,2,3,1,0,0,0
137,1,20,18-26,Yes,"Travel Frequently",871,"Research & Development",6,3,"Life Sciences",4,Female,66,2,1,"Laboratory Technician",4,Single,2926,1k-5k,19783,1,Yes,18,3,2,0,1,5,3,1,0,1,0
138,1,34,27-35,No,"Travel Rarely",665,"Research & Development",6,4,Other,1,Female,41,3,2,"Research Scientist",3,Single,4809,1k-5k,12482,1,No,14,3,3,0,16,3,3,16,13,2,10
139,1,37,36-44,No,Non-Travel,1040,"Research & Development",2,2,"Life Sciences",3,Male,100,2,2,"Healthcare Representative",4,Divorced,5163,5k-10k,15850,5,No,14,3,4,1,17,2,4,1,0,0,0
140,1,59,54-60,No,Non-Travel,1420,"Human Resources",2,4,"Human Resources",3,Female,32,2,5,Manager,4,Married,18844,15k-20k,21922,9,No,21,4,4,1,30,3,3,3,2,2,2
141,1,50,45-53,No,"Travel Frequently",1115,"Research & Development",1,3,"Life Sciences",1,Female,73,3,5,"Research Director",2,Married,18172,15k-20k,9755,3,Yes,19,3,1,0,28,1,2,8,3,0,7
142,1,25,18-26,Yes,"Travel Rarely",240,Sales,5,3,Marketing,3,Male,46,2,2,"Sales Executive",3,Single,5744,5k-10k,26959,1,Yes,11,3,4,0,6,1,3,6,4,0,3
143,1,25,18-26,No,"Travel Rarely",1280,"Research & Development",7,1,Medical,4,Male,64,2,1,"Research Scientist",4,Married,2889,1k-5k,26897,1,No,11,3,3,2,2,2,3,2,2,2,1
144,1,22,18-26,No,"Travel Rarely",534,"Research & Development",15,3,Medical,2,Female,59,3,1,"Laboratory Technician",4,Single,2871,1k-5k,23785,1,No,15,3,3,0,1,5,3,0,0,0,0
145,1,51,45-53,No,"Travel Frequently",1456,"Research & Development",1,4,Medical,1,Female,30,2,3,"Healthcare Representative",1,Single,7484,5k-10k,25796,3,No,20,4,3,0,23,1,2,13,12,12,8
147,1,34,27-35,Yes,"Travel Frequently",658,"Research & Development",7,3,"Life Sciences",1,Male,66,1,2,"Laboratory Technician",3,Single,6074,5k-10k,22887,1,Yes,24,4,4,0,9,3,3,9,7,0,6
148,1,54,54-60,No,Non-Travel,142,"Human Resources",26,3,"Human Resources",4,Female,30,4,4,Manager,4,Single,17328,15k-20k,13871,2,Yes,12,3,3,0,23,3,3,5,3,4,4
150,1,24,18-26,No,"Travel Rarely",1127,"Research & Development",18,1,"Life Sciences",2,Male,52,3,1,"Laboratory Technician",3,Married,2774,1k-5k,13257,0,No,12,3,3,1,6,2,3,5,3,1,2
151,1,34,27-35,No,"Travel Rarely",1031,"Research & Development",6,4,"Life Sciences",3,Female,45,2,2,"Research Scientist",2,Divorced,4505,1k-5k,15000,6,No,15,3,3,1,12,3,3,1,0,0,0
152,1,37,36-44,No,"Travel Rarely",1189,Sales,3,3,"Life Sciences",3,Male,87,3,3,"Sales Executive",4,Single,7428,5k-10k,14506,2,No,12,3,1,0,12,3,3,5,3,1,3
153,1,34,27-35,No,"Travel Rarely",1354,"Research & Development",5,3,Medical,3,Female,45,2,3,Manager,1,Single,11631,10k-15k,5615,2,No,12,3,4,0,14,6,3,11,10,5,8
154,1,36,36-44,No,"Travel Frequently",1467,Sales,11,2,"Technical Degree",2,Female,92,3,3,"Sales Executive",4,Married,9738,5k-10k,22952,0,No,14,3,3,1,10,6,3,9,7,2,8
155,1,36,36-44,No,"Travel Rarely",922,"Research & Development",3,2,"Life Sciences",1,Female,39,3,1,"Laboratory Technician",4,Divorced,2835,1k-5k,2561,5,No,22,4,1,1,7,2,3,1,0,0,0
158,1,43,36-44,No,"Travel Frequently",394,Sales,26,2,"Life Sciences",3,Male,92,3,4,Manager,4,Married,16959,15k-20k,19494,1,Yes,12,3,4,2,25,3,4,25,12,4,12
159,1,30,27-35,No,"Travel Frequently",1312,"Research & Development",23,3,"Life Sciences",1,Male,96,1,1,"Research Scientist",3,Divorced,2613,1k-5k,22310,1,No,25,4,3,3,10,2,2,10,7,0,9
160,1,33,27-35,No,Non-Travel,750,Sales,22,2,Marketing,3,Male,95,3,2,"Sales Executive",2,Married,6146,5k-10k,15480,0,No,13,3,1,1,8,2,4,7,7,0,7
161,1,56,54-60,Yes,"Travel Rarely",441,"Research & Development",14,4,"Life Sciences",2,Female,72,3,1,"Research Scientist",2,Married,4963,1k-5k,4510,9,Yes,18,3,1,3,7,2,3,5,4,4,3
162,1,51,45-53,No,"Travel Rarely",684,"Research & Development",6,3,"Life Sciences",1,Male,51,3,5,"Research Director",3,Single,19537,15k-20k,6462,7,No,13,3,3,0,23,5,3,20,18,15,15
163,1,31,27-35,Yes,"Travel Rarely",249,Sales,6,4,"Life Sciences",2,Male,76,1,2,"Sales Executive",3,Married,6172,5k-10k,20739,4,Yes,18,3,2,0,12,3,2,7,7,7,7
164,1,26,18-26,No,"Travel Rarely",841,"Research & Development",6,3,Other,3,Female,46,2,1,"Research Scientist",2,Married,2368,1k-5k,23300,1,No,19,3,3,0,5,3,2,5,4,4,3
165,1,58,54-60,Yes,"Travel Rarely",147,"Research & Development",23,4,Medical,4,Female,94,3,3,"Healthcare Representative",4,Married,10312,10k-15k,3465,1,No,12,3,4,1,40,3,2,40,10,15,6
167,1,19,18-26,Yes,"Travel Rarely",528,Sales,22,1,Marketing,4,Male,50,3,1,"Sales Representative",3,Single,1675,1k-5k,26820,1,Yes,19,3,4,0,0,2,2,0,0,0,0
169,1,22,18-26,No,"Travel Rarely",594,"Research & Development",2,1,"Technical Degree",3,Male,100,3,1,"Laboratory Technician",4,Married,2523,1k-5k,19299,0,No,14,3,3,1,3,2,3,2,1,2,1
170,1,49,45-53,No,"Travel Rarely",470,"Research & Development",20,4,Medical,3,Female,96,3,2,"Manufacturing Director",1,Married,6567,5k-10k,5549,1,No,14,3,3,0,16,2,2,15,11,5,11
171,1,43,36-44,No,"Travel Frequently",957,"Research & Development",28,3,Medical,2,Female,72,4,1,"Research Scientist",3,Single,4739,1k-5k,16090,4,No,12,3,4,0,18,2,3,3,2,1,2
174,1,50,45-53,No,"Travel Frequently",809,Sales,12,3,Marketing,3,Female,77,3,3,"Sales Executive",4,Single,9208,5k-10k,6645,4,No,11,3,4,0,16,3,3,2,2,2,1
175,1,31,27-35,Yes,"Travel Rarely",542,Sales,20,3,"Life Sciences",2,Female,71,1,2,"Sales Executive",3,Married,4559,1k-5k,24788,3,Yes,11,3,3,1,4,2,3,2,2,2,2
176,1,41,36-44,No,"Travel Rarely",802,Sales,9,1,"Life Sciences",3,Male,96,3,3,"Sales Executive",3,Divorced,8189,5k-10k,21196,3,Yes,13,3,3,1,12,2,3,9,7,0,7
177,1,26,18-26,No,"Travel Rarely",1355,"Human Resources",25,1,"Life Sciences",3,Female,61,3,1,"Human Resources",3,Married,2942,1k-5k,8916,1,No,23,4,4,1,8,3,3,8,7,5,7
178,1,36,36-44,No,"Travel Rarely",216,"Research & Development",6,2,Medical,2,Male,84,3,2,"Manufacturing Director",2,Divorced,4941,1k-5k,2819,6,No,20,4,4,2,7,0,3,3,2,0,1
179,1,51,45-53,Yes,"Travel Frequently",1150,"Research & Development",8,4,"Life Sciences",1,Male,53,1,3,"Manufacturing Director",4,Single,10650,10k-15k,25150,2,No,15,3,4,0,18,2,3,4,2,0,3
182,1,39,36-44,No,"Travel Rarely",1329,Sales,4,4,"Life Sciences",4,Female,47,2,2,"Sales Executive",3,Married,5902,5k-10k,14590,4,No,14,3,3,1,17,1,4,15,11,5,9
183,1,25,18-26,No,"Travel Rarely",959,Sales,28,3,"Life Sciences",1,Male,41,2,2,"Sales Executive",3,Married,8639,5k-10k,24835,2,No,18,3,4,0,6,3,3,2,2,2,2
184,1,30,27-35,No,"Travel Rarely",1240,"Human Resources",9,3,"Human Resources",3,Male,48,3,2,"Human Resources",4,Married,6347,5k-10k,13982,0,Yes,19,3,4,0,12,2,1,11,9,4,7
190,1,32,27-35,Yes,"Travel Rarely",1033,"Research & Development",9,3,Medical,1,Female,41,3,1,"Laboratory Technician",1,Single,4200,1k-5k,10224,7,No,22,4,1,0,10,2,4,5,4,0,4
192,1,45,45-53,No,"Travel Rarely",1316,"Research & Development",29,3,Medical,3,Male,83,3,1,"Research Scientist",4,Single,3452,1k-5k,9752,5,No,13,3,2,0,9,2,2,6,5,0,3
193,1,38,36-44,No,"Travel Rarely",364,"Research & Development",3,5,"Technical Degree",4,Female,32,3,2,"Research Scientist",3,Single,4317,1k-5k,2302,3,Yes,20,4,2,0,19,2,3,3,2,2,2
194,1,30,27-35,No,"Travel Rarely",438,"Research & Development",18,3,"Life Sciences",1,Female,75,3,1,"Research Scientist",3,Single,2632,1k-5k,23910,1,No,14,3,3,0,5,4,2,5,4,0,4
195,1,32,27-35,No,"Travel Frequently",689,Sales,9,2,Medical,4,Male,35,1,2,"Sales Executive",4,Divorced,4668,1k-5k,22812,0,No,17,3,4,3,9,2,4,8,7,0,7
197,1,30,27-35,No,"Travel Rarely",201,"Research & Development",5,3,"Technical Degree",4,Female,84,3,1,"Research Scientist",1,Divorced,3204,1k-5k,10415,5,No,14,3,4,1,8,3,3,3,2,2,2
198,1,30,27-35,No,"Travel Rarely",1427,"Research & Development",2,1,Medical,2,Male,35,2,1,"Laboratory Technician",4,Single,2720,1k-5k,11162,0,No,13,3,4,0,6,3,3,5,3,1,2
199,1,41,36-44,No,"Travel Frequently",857,"Research & Development",10,3,"Life Sciences",4,Male,91,2,4,Manager,1,Divorced,17181,15k-20k,12888,4,No,13,3,2,1,21,2,2,7,6,7,7
200,1,41,36-44,No,"Travel Rarely",933,"Research & Development",9,4,"Life Sciences",3,Male,94,3,1,"Laboratory Technician",1,Married,2238,1k-5k,6961,2,No,21,4,4,1,7,2,3,5,0,1,4
201,1,19,18-26,No,"Travel Rarely",1181,"Research & Development",3,1,Medical,2,Female,79,3,1,"Laboratory Technician",2,Single,1483,1k-5k,16102,1,No,14,3,4,0,1,3,3,1,0,0,0
202,1,40,36-44,No,"Travel Frequently",1395,"Research & Development",26,3,Medical,2,Female,54,3,2,"Research Scientist",2,Divorced,5605,5k-10k,8504,1,No,11,3,1,1,20,2,3,20,7,2,13
204,1,35,27-35,No,"Travel Rarely",662,Sales,1,5,Marketing,3,Male,94,3,3,"Sales Executive",2,Married,7295,5k-10k,11439,1,No,13,3,1,2,10,3,3,10,8,0,6
205,1,53,45-53,No,"Travel Rarely",1436,Sales,6,2,Marketing,2,Male,34,3,2,"Sales Representative",3,Married,2306,1k-5k,16047,2,Yes,20,4,4,1,13,3,1,7,7,4,5
206,1,45,45-53,No,"Travel Rarely",194,"Research & Development",9,3,"Life Sciences",2,Male,60,3,2,"Laboratory Technician",2,Divorced,2348,1k-5k,10901,8,No,18,3,3,1,20,2,1,17,9,0,15
207,1,32,27-35,No,"Travel Frequently",967,Sales,8,3,Marketing,2,Female,43,3,3,"Sales Executive",4,Single,8998,5k-10k,15589,1,No,14,3,4,0,9,2,3,9,8,3,7
208,1,29,27-35,No,Non-Travel,1496,"Research & Development",1,1,"Technical Degree",4,Male,41,3,2,"Manufacturing Director",3,Married,4319,1k-5k,26283,1,No,13,3,1,1,10,1,3,10,7,0,9
211,1,51,45-53,No,"Travel Rarely",1169,"Research & Development",7,4,Medical,2,Male,34,2,2,"Manufacturing Director",3,Married,6132,5k-10k,13983,2,No,17,3,3,0,10,2,3,1,0,0,0
214,1,58,54-60,No,"Travel Rarely",1145,"Research & Development",9,3,Medical,2,Female,75,2,1,"Research Scientist",2,Married,3346,1k-5k,11873,4,Yes,20,4,2,1,9,3,2,1,0,0,0
215,1,40,36-44,No,"Travel Rarely",630,Sales,4,4,Marketing,3,Male,67,2,3,"Sales Executive",4,Married,10855,10k-15k,8552,7,No,11,3,1,1,15,2,2,12,11,2,11
216,1,34,27-35,No,"Travel Frequently",303,Sales,2,4,Marketing,3,Female,75,3,1,"Sales Representative",3,Married,2231,1k-5k,11314,6,No,18,3,4,1,6,3,3,4,3,1,2
217,1,22,18-26,No,"Travel Rarely",1256,"Research & Development",19,1,Medical,3,Male,80,3,1,"Research Scientist",4,Married,2323,1k-5k,11992,1,No,24,4,1,2,2,6,3,2,2,2,2
218,1,27,27-35,No,Non-Travel,691,"Research & Development",9,3,Medical,4,Male,57,3,1,"Research Scientist",2,Divorced,2024,1k-5k,5970,6,No,18,3,4,1,6,1,1,2,2,2,2
221,1,28,27-35,No,"Travel Rarely",440,"Research & Development",21,3,Medical,3,Male,42,3,1,"Research Scientist",4,Married,2713,1k-5k,6672,1,No,11,3,3,1,5,2,1,5,2,0,2
223,1,57,54-60,No,"Travel Rarely",334,"Research & Development",24,2,"Life Sciences",3,Male,83,4,3,"Healthcare Representative",4,Divorced,9439,5k-10k,23402,3,Yes,16,3,2,1,12,2,1,5,3,1,4
224,1,27,27-35,No,Non-Travel,1450,"Research & Development",3,3,Medical,3,Male,79,2,1,"Research Scientist",3,Divorced,2566,1k-5k,25326,1,Yes,15,3,4,1,1,2,2,1,1,0,1
226,1,50,45-53,No,"Travel Rarely",1452,"Research & Development",11,3,"Life Sciences",3,Female,53,3,5,Manager,2,Single,19926,15k-20k,17053,3,No,15,3,2,0,21,5,3,5,4,4,4
227,1,41,36-44,No,"Travel Rarely",465,"Research & Development",14,3,"Life Sciences",1,Male,56,3,1,"Research Scientist",3,Divorced,2451,1k-5k,4609,4,No,12,3,1,1,13,2,3,9,8,1,8
228,1,30,27-35,No,"Travel Rarely",1339,Sales,5,3,"Life Sciences",2,Female,41,3,3,"Sales Executive",4,Married,9419,5k-10k,8053,2,No,12,3,3,1,12,2,3,10,9,7,4
230,1,38,36-44,No,"Travel Rarely",702,Sales,1,4,"Life Sciences",1,Female,59,2,2,"Sales Executive",4,Single,8686,5k-10k,12930,4,No,22,4,3,0,12,2,4,8,3,0,7
231,1,32,27-35,No,"Travel Rarely",120,"Research & Development",6,5,"Life Sciences",3,Male,43,3,1,"Research Scientist",3,Single,3038,1k-5k,12430,3,No,20,4,1,0,8,2,3,5,4,1,4
233,1,27,27-35,No,"Travel Rarely",1157,"Research & Development",17,3,"Technical Degree",3,Male,51,3,1,"Research Scientist",2,Married,3058,1k-5k,13364,0,Yes,16,3,4,1,6,3,2,5,2,1,1
235,1,19,18-26,Yes,"Travel Frequently",602,Sales,1,1,"Technical Degree",3,Female,100,1,1,"Sales Representative",1,Single,2325,1k-5k,20989,0,No,21,4,1,0,1,5,4,0,0,0,0
238,1,36,36-44,No,"Travel Frequently",1480,"Research & Development",3,2,Medical,4,Male,30,3,1,"Laboratory Technician",2,Single,2088,1k-5k,15062,4,No,12,3,3,0,13,3,2,8,7,7,2
239,1,30,27-35,No,Non-Travel,111,"Research & Development",9,3,Medical,3,Male,66,3,2,"Laboratory Technician",1,Divorced,3072,1k-5k,11012,1,No,11,3,3,2,12,4,3,12,9,6,10
240,1,45,45-53,No,"Travel Rarely",1268,Sales,4,2,"Life Sciences",3,Female,30,3,2,"Sales Executive",1,Divorced,5006,5k-10k,6319,4,Yes,11,3,1,1,9,3,4,5,4,0,3
241,1,56,54-60,No,"Travel Rarely",713,"Research & Development",8,3,"Life Sciences",3,Female,67,3,1,"Research Scientist",1,Divorced,4257,1k-5k,13939,4,Yes,18,3,3,1,19,3,3,2,2,2,2
242,1,33,27-35,No,"Travel Rarely",134,"Research & Development",2,3,"Life Sciences",3,Male,90,3,1,"Research Scientist",4,Single,2500,1k-5k,10515,0,No,14,3,1,0,4,2,4,3,1,0,2
243,1,19,18-26,Yes,"Travel Rarely",303,"Research & Development",2,3,"Life Sciences",2,Male,47,2,1,"Laboratory Technician",4,Single,1102,1k-5k,9241,1,No,22,4,3,0,1,3,2,1,0,1,0
244,1,46,45-53,No,"Travel Rarely",526,Sales,1,2,Marketing,2,Female,92,3,3,"Sales Executive",1,Divorced,10453,10k-15k,2137,1,No,25,4,3,3,24,2,3,24,13,15,7
245,1,38,36-44,No,"Travel Rarely",1380,"Research & Development",9,2,"Life Sciences",3,Female,75,3,1,"Laboratory Technician",4,Single,2288,1k-5k,6319,1,No,12,3,3,0,2,3,3,2,2,2,1
246,1,31,27-35,No,"Travel Rarely",140,"Research & Development",12,1,Medical,3,Female,95,3,1,"Research Scientist",4,Married,3929,1k-5k,6984,8,Yes,23,4,3,1,7,0,3,4,2,0,2
247,1,34,27-35,No,"Travel Rarely",629,"Research & Development",27,2,Medical,4,Female,95,3,1,"Research Scientist",2,Single,2311,1k-5k,5711,2,No,15,3,4,0,9,3,3,3,2,1,2
248,1,41,36-44,Yes,"Travel Rarely",1356,Sales,20,2,Marketing,2,Female,70,3,1,"Sales Representative",2,Single,3140,1k-5k,21728,1,Yes,22,4,4,0,4,5,2,4,3,0,2
249,1,50,45-53,No,"Travel Rarely",328,"Research & Development",1,3,Medical,3,Male,86,2,1,"Laboratory Technician",3,Married,3690,1k-5k,3425,2,No,15,3,4,1,5,2,2,3,2,0,2
250,1,53,45-53,No,"Travel Rarely",1084,"Research & Development",13,2,Medical,4,Female,57,4,2,"Manufacturing Director",1,Divorced,4450,1k-5k,26250,1,No,11,3,3,2,5,3,3,4,2,1,3
252,1,33,27-35,No,"Travel Rarely",931,"Research & Development",14,3,Medical,4,Female,72,3,1,"Research Scientist",2,Married,2756,1k-5k,4673,1,No,13,3,4,1,8,5,3,8,7,1,6
253,1,40,36-44,No,"Travel Rarely",989,"Research & Development",4,1,Medical,4,Female,46,3,5,Manager,3,Married,19033,15k-20k,6499,1,No,14,3,2,1,21,2,3,20,8,9,9
254,1,55,54-60,No,"Travel Rarely",692,"Research & Development",14,4,Medical,3,Male,61,4,5,"Research Director",2,Single,18722,15k-20k,13339,8,No,11,3,4,0,36,3,3,24,15,2,15
256,1,34,27-35,No,"Travel Frequently",1069,"Research & Development",2,1,"Life Sciences",4,Male,45,2,2,"Manufacturing Director",3,Married,9547,5k-10k,14074,1,No,17,3,3,0,10,2,2,10,9,1,9
258,1,51,45-53,No,"Travel Rarely",313,"Research & Development",3,3,Medical,4,Female,98,3,4,"Healthcare Representative",2,Single,13734,10k-15k,7192,3,No,18,3,3,0,21,6,3,7,7,1,0
259,1,52,45-53,No,"Travel Rarely",699,"Research & Development",1,4,"Life Sciences",3,Male,65,2,5,Manager,3,Married,19999,15k-20k,5678,0,No,14,3,1,1,34,5,3,33,18,11,9
260,1,27,27-35,No,"Travel Rarely",894,"Research & Development",9,3,Medical,4,Female,99,3,1,"Research Scientist",2,Single,2279,1k-5k,11781,1,No,16,3,4,0,7,2,2,7,7,0,3
261,1,35,27-35,Yes,"Travel Rarely",556,"Research & Development",23,2,"Life Sciences",2,Male,50,2,2,"Manufacturing Director",3,Married,5916,5k-10k,15497,3,Yes,13,3,1,0,8,1,3,1,0,0,1
262,1,43,36-44,No,Non-Travel,1344,"Research & Development",7,3,Medical,4,Male,37,4,1,"Research Scientist",4,Divorced,2089,1k-5k,5228,4,No,14,3,4,3,7,3,4,5,4,2,2
264,1,45,45-53,No,Non-Travel,1195,"Research & Development",2,2,Medical,1,Male,65,2,4,Manager,4,Married,16792,15k-20k,20462,9,No,23,4,4,1,22,1,3,20,8,11,8
267,1,37,36-44,No,"Travel Rarely",290,"Research & Development",21,3,"Life Sciences",2,Male,65,4,1,"Research Scientist",1,Married,3564,1k-5k,22977,1,Yes,12,3,1,1,8,3,2,8,7,1,7
269,1,35,27-35,No,"Travel Frequently",138,"Research & Development",2,3,Medical,2,Female,37,3,2,"Laboratory Technician",2,Single,4425,1k-5k,15986,5,No,11,3,4,0,10,5,3,6,2,1,2
270,1,42,36-44,No,Non-Travel,926,"Research & Development",21,2,Medical,3,Female,36,3,2,"Manufacturing Director",3,Divorced,5265,5k-10k,16439,2,No,16,3,2,1,11,5,3,5,3,0,2
271,1,38,36-44,No,"Travel Rarely",1261,"Research & Development",2,4,"Life Sciences",4,Male,88,3,2,"Manufacturing Director",3,Married,6553,5k-10k,7259,9,No,14,3,2,0,14,3,3,1,0,0,0
273,1,38,36-44,No,"Travel Rarely",1084,"Research & Development",29,3,"Technical Degree",4,Male,54,3,2,"Manufacturing Director",4,Married,6261,5k-10k,4185,3,No,18,3,1,1,9,3,1,7,7,1,7
274,1,27,27-35,No,"Travel Frequently",472,"Research & Development",1,1,"Technical Degree",3,Male,60,2,2,"Manufacturing Director",1,Married,4298,1k-5k,9679,5,No,19,3,3,1,6,1,3,2,2,2,0
275,1,49,45-53,No,Non-Travel,1002,"Research & Development",18,4,"Life Sciences",4,Male,92,3,2,"Manufacturing Director",4,Divorced,6804,5k-10k,23793,1,Yes,15,3,1,2,7,0,3,7,7,1,7
277,1,34,27-35,No,"Travel Frequently",878,"Research & Development",10,4,Medical,4,Male,43,3,1,"Research Scientist",3,Divorced,3815,1k-5k,5972,1,Yes,17,3,4,1,5,4,4,5,3,2,0
281,1,40,36-44,No,"Travel Rarely",905,"Research & Development",19,2,Medical,3,Male,99,3,2,"Laboratory Technician",4,Married,2741,1k-5k,16523,8,Yes,15,3,3,1,15,2,4,7,2,3,7
282,1,38,36-44,Yes,"Travel Rarely",1180,"Research & Development",29,1,Medical,2,Male,70,3,2,"Healthcare Representative",1,Married,6673,5k-10k,11354,7,Yes,19,3,2,0,17,2,3,1,0,0,0
283,1,29,27-35,Yes,"Travel Rarely",121,Sales,27,3,Marketing,2,Female,35,3,3,"Sales Executive",4,Married,7639,5k-10k,24525,1,No,22,4,4,3,10,3,2,10,4,1,9
284,1,22,18-26,No,"Travel Rarely",1136,"Research & Development",5,3,"Life Sciences",4,Male,60,4,1,"Research Scientist",2,Divorced,2328,1k-5k,12392,1,Yes,16,3,1,1,4,2,2,4,2,2,2
286,1,36,36-44,No,"Travel Frequently",635,"Research & Development",18,1,Medical,2,Female,73,3,1,"Laboratory Technician",4,Single,2153,1k-5k,7703,1,No,13,3,1,0,8,2,3,8,1,1,7
287,1,40,36-44,No,Non-Travel,1151,"Research & Development",9,5,"Life Sciences",4,Male,63,2,2,"Healthcare Representative",4,Married,4876,1k-5k,14242,9,No,14,3,4,1,5,5,1,3,2,0,2
288,1,46,45-53,No,"Travel Rarely",644,"Research & Development",1,4,Medical,4,Male,97,3,3,"Healthcare Representative",1,Divorced,9396,5k-10k,12368,7,No,16,3,3,1,17,3,3,4,2,0,3
291,1,32,27-35,Yes,"Travel Rarely",1045,Sales,4,4,Medical,4,Male,32,1,3,"Sales Executive",4,Married,10400,10k-15k,25812,1,No,11,3,3,0,14,2,2,14,8,9,8
292,1,30,27-35,No,Non-Travel,829,"Research & Development",1,1,"Life Sciences",3,Male,88,2,3,"Manufacturing Director",3,Single,8474,5k-10k,20925,1,No,22,4,3,0,12,2,3,11,8,5,8
293,1,27,27-35,No,"Travel Frequently",1242,Sales,20,3,"Life Sciences",4,Female,90,3,2,"Sales Executive",3,Single,9981,5k-10k,12916,1,No,14,3,4,0,7,2,3,7,7,0,7
296,1,51,45-53,No,"Travel Rarely",1469,"Research & Development",8,4,"Life Sciences",2,Male,81,2,3,"Research Director",2,Married,12490,10k-15k,15736,5,No,16,3,4,2,16,5,1,10,9,4,7
297,1,30,27-35,Yes,"Travel Rarely",1005,"Research & Development",3,3,"Technical Degree",4,Female,88,3,1,"Research Scientist",1,Single,2657,1k-5k,8556,5,Yes,11,3,3,0,8,5,3,5,2,0,4
298,1,41,36-44,No,"Travel Rarely",896,Sales,6,3,"Life Sciences",4,Female,75,3,3,Manager,4,Single,13591,10k-15k,14674,3,Yes,18,3,3,0,16,3,3,1,0,0,0
299,1,30,27-35,Yes,"Travel Frequently",334,Sales,26,4,Marketing,3,Female,52,2,2,"Sales Executive",1,Single,6696,5k-10k,22967,5,No,15,3,3,0,9,5,2,6,3,0,1
300,1,29,27-35,Yes,"Travel Rarely",992,"Research & Development",1,3,"Technical Degree",3,Male,85,3,1,"Research Scientist",3,Single,2058,1k-5k,19757,0,No,14,3,4,0,7,1,2,6,2,1,5
302,1,45,45-53,No,Non-Travel,1052,Sales,6,3,Medical,4,Female,57,2,3,"Sales Executive",4,Single,8865,5k-10k,16840,6,No,12,3,4,0,23,2,3,19,7,12,8
303,1,54,54-60,No,"Travel Rarely",1147,Sales,3,3,Marketing,4,Female,52,3,2,"Sales Executive",1,Married,5940,5k-10k,17011,2,No,14,3,4,1,16,4,3,6,2,0,5
304,1,36,36-44,No,"Travel Rarely",1396,"Research & Development",5,2,"Life Sciences",4,Male,62,3,2,"Laboratory Technician",2,Single,5914,5k-10k,9945,8,No,16,3,4,0,16,3,4,13,11,3,7
305,1,33,27-35,No,"Travel Rarely",147,"Research & Development",4,4,Medical,3,Female,47,2,1,"Research Scientist",2,Married,2622,1k-5k,13248,6,No,21,4,4,0,7,3,3,3,2,1,1
306,1,37,36-44,No,"Travel Frequently",663,"Research & Development",11,3,Other,2,Male,47,3,3,"Research Director",4,Divorced,12185,10k-15k,10056,1,Yes,14,3,3,3,10,1,3,10,8,0,7
307,1,38,36-44,No,"Travel Rarely",119,Sales,3,3,"Life Sciences",1,Male,76,3,3,"Sales Executive",3,Divorced,10609,10k-15k,9647,0,No,12,3,3,2,17,6,2,16,10,5,13
308,1,31,27-35,No,Non-Travel,979,"Research & Development",1,4,Medical,3,Male,90,1,2,"Manufacturing Director",3,Married,4345,1k-5k,4381,0,No,12,3,4,1,6,2,3,5,4,1,4
309,1,59,54-60,No,"Travel Rarely",142,"Research & Development",3,3,"Life Sciences",3,Male,70,2,1,"Research Scientist",4,Married,2177,1k-5k,8456,3,No,17,3,1,1,7,6,3,1,0,0,0
311,1,37,36-44,No,"Travel Frequently",319,Sales,4,4,Marketing,1,Male,41,3,1,"Sales Representative",4,Divorced,2793,1k-5k,2539,4,No,17,3,3,1,13,2,3,9,8,5,8
312,1,29,27-35,No,"Travel Frequently",1413,Sales,1,1,Medical,2,Female,42,3,3,"Sales Executive",4,Married,7918,5k-10k,6599,1,No,14,3,4,1,11,5,3,11,10,4,1
314,1,35,27-35,No,"Travel Frequently",944,Sales,1,3,Marketing,3,Female,92,3,3,"Sales Executive",3,Single,8789,5k-10k,9096,1,No,14,3,1,0,10,3,4,10,7,0,8
315,1,29,27-35,Yes,"Travel Rarely",896,"Research & Development",18,1,Medical,3,Male,86,2,1,"Research Scientist",4,Single,2389,1k-5k,14961,1,Yes,13,3,3,0,4,3,2,4,3,0,1
316,1,52,45-53,No,"Travel Rarely",1323,"Research & Development",2,3,"Life Sciences",3,Female,89,2,1,"Laboratory Technician",4,Single,3212,1k-5k,3300,7,No,15,3,2,0,6,3,2,2,2,2,2
319,1,42,36-44,No,"Travel Rarely",532,"Research & Development",4,2,"Technical Degree",3,Male,58,3,5,Manager,4,Married,19232,15k-20k,4933,1,No,11,3,4,0,22,3,3,22,17,11,15
321,1,59,54-60,No,"Travel Rarely",818,"Human Resources",6,2,Medical,2,Male,52,3,1,"Human Resources",3,Married,2267,1k-5k,25657,8,No,17,3,4,0,7,2,2,2,2,2,2
323,1,50,45-53,No,"Travel Rarely",854,Sales,1,4,Medical,4,Female,68,3,5,Manager,4,Divorced,19517,15k-20k,24118,3,No,11,3,3,1,32,3,2,7,0,0,6
325,1,33,27-35,Yes,"Travel Rarely",813,"Research & Development",14,3,Medical,3,Male,58,3,1,"Laboratory Technician",4,Married,2436,1k-5k,22149,5,Yes,13,3,3,1,8,2,1,5,4,0,4
327,1,43,36-44,No,"Travel Rarely",1034,Sales,16,3,Marketing,4,Female,80,3,4,Manager,4,Married,16064,15k-20k,7744,5,Yes,22,4,3,1,22,3,3,17,13,1,9
328,1,33,27-35,Yes,"Travel Rarely",465,"Research & Development",2,2,"Life Sciences",1,Female,39,3,1,"Laboratory Technician",1,Married,2707,1k-5k,21509,7,No,20,4,1,0,13,3,4,9,7,1,7
329,1,52,45-53,No,Non-Travel,771,Sales,2,4,"Life Sciences",1,Male,79,2,5,Manager,3,Single,19068,15k-20k,21030,1,Yes,18,3,4,0,33,2,4,33,7,15,12
330,1,32,27-35,No,"Travel Rarely",1401,Sales,4,2,"Life Sciences",3,Female,56,3,1,"Sales Representative",2,Married,3931,1k-5k,20990,2,No,11,3,1,1,6,5,3,4,3,1,2
331,1,32,27-35,Yes,"Travel Rarely",515,"Research & Development",1,3,"Life Sciences",4,Male,62,2,1,"Laboratory Technician",3,Single,3730,1k-5k,9571,0,Yes,14,3,4,0,4,2,1,3,2,1,2
332,1,39,36-44,No,"Travel Rarely",1431,"Research & Development",1,4,Medical,3,Female,96,3,1,"Laboratory Technician",3,Divorced,2232,1k-5k,15417,7,No,14,3,3,3,7,1,3,3,2,1,2
333,1,32,27-35,No,Non-Travel,976,Sales,26,4,Marketing,3,Male,100,3,2,"Sales Executive",4,Married,4465,1k-5k,12069,0,No,18,3,1,0,4,2,3,3,2,2,2
334,1,41,36-44,No,"Travel Rarely",1411,"Research & Development",19,2,"Life Sciences",3,Male,36,3,2,"Research Scientist",1,Divorced,3072,1k-5k,19877,2,No,16,3,1,2,17,2,2,1,0,0,0
335,1,40,36-44,No,"Travel Rarely",1300,"Research & Development",24,2,"Technical Degree",1,Male,62,3,2,"Research Scientist",4,Divorced,3319,1k-5k,24447,1,No,17,3,1,2,9,3,3,9,8,4,7
336,1,45,45-53,No,"Travel Rarely",252,"Research & Development",1,3,Other,3,Male,70,4,5,Manager,4,Married,19202,15k-20k,15970,0,No,11,3,3,1,25,2,3,24,0,1,7
337,1,31,27-35,No,"Travel Frequently",1327,"Research & Development",3,4,Medical,2,Male,73,3,3,"Research Director",3,Divorced,13675,10k-15k,13523,9,No,12,3,1,1,9,3,3,2,2,2,2
338,1,33,27-35,No,"Travel Rarely",832,"Research & Development",5,4,"Life Sciences",3,Female,63,2,1,"Research Scientist",4,Married,2911,1k-5k,14776,1,No,13,3,3,1,2,2,2,2,2,0,2
339,1,34,27-35,No,"Travel Rarely",470,"Research & Development",2,4,"Life Sciences",4,Male,84,2,2,"Manufacturing Director",1,Married,5957,5k-10k,23687,6,No,13,3,2,1,13,3,3,11,9,5,9
340,1,37,36-44,No,"Travel Rarely",1017,"Research & Development",1,2,Medical,3,Female,83,2,1,"Research Scientist",1,Married,3920,1k-5k,18697,2,No,14,3,1,1,17,2,2,3,1,0,2
341,1,45,45-53,No,"Travel Frequently",1199,"Research & Development",7,4,"Life Sciences",1,Male,77,4,2,"Manufacturing Director",3,Married,6434,5k-10k,5118,4,No,17,3,4,1,9,1,3,3,2,0,2
342,1,37,36-44,Yes,"Travel Frequently",504,"Research & Development",10,3,Medical,1,Male,61,3,3,"Manufacturing Director",3,Divorced,10048,10k-15k,22573,6,No,11,3,2,2,17,5,3,1,0,0,0
343,1,39,36-44,No,"Travel Frequently",505,"Research & Development",2,4,"Technical Degree",3,Female,64,3,3,"Healthcare Representative",3,Single,10938,10k-15k,6420,0,No,25,4,4,0,20,1,3,19,6,11,8
346,1,29,27-35,No,"Travel Rarely",665,"Research & Development",15,3,"Life Sciences",3,Male,60,3,1,"Research Scientist",4,Single,2340,1k-5k,22673,1,No,19,3,1,0,6,1,3,6,5,1,5
347,1,42,36-44,No,"Travel Rarely",916,"Research & Development",17,2,"Life Sciences",4,Female,82,4,2,"Research Scientist",1,Single,6545,5k-10k,23016,3,Yes,13,3,3,0,10,1,3,3,2,0,2
349,1,29,27-35,No,"Travel Rarely",1247,Sales,20,2,Marketing,4,Male,45,3,2,"Sales Executive",4,Divorced,6931,5k-10k,10732,2,No,14,3,4,1,10,2,3,3,2,0,2
350,1,25,18-26,No,"Travel Rarely",685,"Research & Development",1,3,"Life Sciences",1,Female,62,3,2,"Manufacturing Director",3,Married,4898,1k-5k,7505,0,No,12,3,4,2,5,3,3,4,2,1,2
351,1,42,36-44,No,"Travel Rarely",269,"Research & Development",2,3,Medical,4,Female,56,2,1,"Laboratory Technician",1,Divorced,2593,1k-5k,8007,0,Yes,11,3,3,1,10,4,3,9,6,7,8
352,1,40,36-44,No,"Travel Rarely",1416,"Research & Development",2,2,Medical,1,Male,49,3,5,"Research Director",3,Divorced,19436,15k-20k,5949,0,No,19,3,4,1,22,5,3,21,7,3,9
353,1,51,45-53,No,"Travel Rarely",833,"Research & Development",1,3,"Life Sciences",3,Male,96,3,1,"Research Scientist",4,Married,2723,1k-5k,23231,1,No,11,3,2,0,1,0,2,1,0,0,0
355,1,31,27-35,Yes,"Travel Frequently",307,"Research & Development",29,2,Medical,3,Male,71,2,1,"Laboratory Technician",2,Single,3479,1k-5k,11652,0,No,11,3,2,0,6,2,4,5,4,1,4
359,1,32,27-35,No,"Travel Frequently",1311,"Research & Development",7,3,"Life Sciences",2,Male,100,4,1,"Laboratory Technician",2,Married,2794,1k-5k,26062,1,No,20,4,3,0,5,3,1,5,1,0,3
361,1,38,36-44,No,Non-Travel,1327,Sales,2,2,"Life Sciences",4,Male,39,2,2,"Sales Executive",4,Married,5249,5k-10k,19682,3,No,18,3,4,1,13,0,3,8,7,7,5
362,1,32,27-35,No,"Travel Rarely",128,"Research & Development",2,1,"Technical Degree",4,Male,84,2,2,"Laboratory Technician",1,Single,2176,1k-5k,19737,4,No,13,3,4,0,9,5,3,6,2,0,4
363,1,46,45-53,No,"Travel Rarely",488,Sales,2,3,"Technical Degree",3,Female,75,1,4,Manager,2,Married,16872,15k-20k,14977,3,Yes,12,3,2,1,28,2,2,7,7,7,7
364,1,28,27-35,Yes,"Travel Rarely",529,"Research & Development",2,4,"Life Sciences",1,Male,79,3,1,"Laboratory Technician",3,Single,3485,1k-5k,14935,2,No,11,3,3,0,5,5,1,0,0,0,0
366,1,29,27-35,No,"Travel Rarely",1210,Sales,2,3,Medical,1,Male,78,2,2,"Sales Executive",2,Married,6644,5k-10k,3687,2,No,19,3,2,2,10,2,3,0,0,0,0
367,1,31,27-35,No,"Travel Rarely",1463,"Research & Development",23,3,Medical,2,Male,64,2,2,"Healthcare Representative",4,Married,5582,5k-10k,14408,0,No,21,4,2,1,10,2,3,9,0,7,8
369,1,25,18-26,No,Non-Travel,675,"Research & Development",5,2,"Life Sciences",2,Male,85,4,2,"Healthcare Representative",1,Divorced,4000,1k-5k,18384,1,No,12,3,4,2,6,2,3,6,3,1,5
372,1,45,45-53,No,"Travel Rarely",1385,"Research & Development",20,2,Medical,3,Male,79,3,4,"Healthcare Representative",4,Married,13496,10k-15k,7501,0,Yes,14,3,2,0,21,2,3,20,7,4,10
373,1,36,36-44,No,"Travel Rarely",1403,"Research & Development",6,3,"Life Sciences",4,Male,47,3,1,"Laboratory Technician",4,Married,3210,1k-5k,20251,0,No,11,3,3,1,16,4,3,15,13,10,11
374,1,55,54-60,No,"Travel Rarely",452,"Research & Development",1,3,Medical,4,Male,81,3,5,Manager,1,Single,19045,15k-20k,18938,0,Yes,14,3,3,0,37,2,3,36,10,4,13
376,1,47,45-53,Yes,Non-Travel,666,"Research & Development",29,4,"Life Sciences",1,Male,88,3,3,Manager,2,Married,11849,10k-15k,10268,1,Yes,12,3,4,1,10,2,2,10,7,9,9
377,1,28,27-35,No,"Travel Rarely",1158,"Research & Development",9,3,Medical,4,Male,94,3,1,"Research Scientist",4,Married,2070,1k-5k,2613,1,No,23,4,4,1,5,3,2,5,2,0,4
378,1,37,36-44,No,"Travel Rarely",228,Sales,6,4,Medical,3,Male,98,3,2,"Sales Executive",4,Married,6502,5k-10k,22825,4,No,14,3,2,1,7,5,4,5,4,0,1
379,1,21,18-26,No,"Travel Rarely",996,"Research & Development",3,2,Medical,4,Male,100,2,1,"Research Scientist",3,Single,3230,1k-5k,10531,1,No,17,3,1,0,3,4,4,3,2,1,0
380,1,37,36-44,No,Non-Travel,728,"Research & Development",1,4,Medical,1,Female,80,3,3,"Research Director",4,Divorced,13603,10k-15k,11677,2,Yes,18,3,1,2,15,2,3,5,2,0,2
381,1,35,27-35,No,"Travel Rarely",1315,"Research & Development",22,3,"Life Sciences",2,Female,71,4,3,Manager,2,Divorced,11996,10k-15k,19100,7,No,18,3,2,1,10,6,2,7,7,6,2
382,1,38,36-44,No,"Travel Rarely",322,Sales,7,2,Medical,1,Female,44,4,2,"Sales Executive",1,Divorced,5605,5k-10k,19191,1,Yes,24,4,3,1,8,3,3,8,0,7,7
384,1,26,18-26,No,"Travel Frequently",1479,"Research & Development",1,3,"Life Sciences",3,Female,84,3,2,"Manufacturing Director",2,Divorced,6397,5k-10k,26767,1,No,20,4,1,1,6,6,1,6,5,1,4
385,1,50,45-53,No,"Travel Rarely",797,"Research & Development",4,1,"Life Sciences",1,Male,96,3,5,"Research Director",2,Divorced,19144,15k-20k,15815,3,No,14,3,1,2,28,4,2,10,4,1,6
386,1,53,45-53,No,"Travel Rarely",1070,"Research & Development",3,4,Medical,3,Male,45,3,4,"Research Director",3,Married,17584,15k-20k,21016,3,Yes,16,3,4,3,21,5,2,5,3,1,3
387,1,42,36-44,No,"Travel Rarely",635,Sales,1,1,"Life Sciences",2,Male,99,3,2,"Sales Executive",3,Married,4907,1k-5k,24532,1,No,25,4,3,0,20,3,3,20,16,11,6
388,1,29,27-35,No,"Travel Frequently",442,Sales,2,2,"Life Sciences",2,Male,44,3,2,"Sales Executive",4,Single,4554,1k-5k,20260,1,No,18,3,1,0,10,3,2,10,7,0,9
389,1,55,54-60,No,"Travel Rarely",147,"Research & Development",20,2,"Technical Degree",2,Male,37,3,2,"Laboratory Technician",4,Married,5415,5k-10k,15972,3,Yes,19,3,4,1,12,4,3,10,7,0,8
390,1,26,18-26,No,"Travel Frequently",496,"Research & Development",11,2,Medical,1,Male,60,3,2,"Healthcare Representative",1,Married,4741,1k-5k,22722,1,Yes,13,3,3,1,5,3,3,5,3,3,3
391,1,37,36-44,No,"Travel Rarely",1372,"Research & Development",1,3,"Life Sciences",4,Female,42,3,1,"Research Scientist",4,Single,2115,1k-5k,15881,1,No,12,3,2,0,17,3,3,17,12,5,7
392,1,44,36-44,Yes,"Travel Frequently",920,"Research & Development",24,3,"Life Sciences",4,Male,43,3,1,"Laboratory Technician",3,Divorced,3161,1k-5k,19920,3,Yes,22,4,4,1,19,0,1,1,0,0,0
393,1,38,36-44,No,"Travel Rarely",688,"Research & Development",23,4,"Life Sciences",4,Male,82,3,2,"Healthcare Representative",4,Divorced,5745,5k-10k,18899,9,No,14,3,2,1,10,2,3,2,2,1,2
394,1,26,18-26,Yes,"Travel Rarely",1449,"Research & Development",16,4,Medical,1,Male,45,3,1,"Laboratory Technician",2,Divorced,2373,1k-5k,14180,2,Yes,13,3,4,1,5,2,3,3,2,0,2
395,1,28,27-35,No,"Travel Rarely",1117,"Research & Development",8,2,"Life Sciences",4,Female,66,3,1,"Research Scientist",4,Single,3310,1k-5k,4488,1,No,21,4,4,0,5,3,3,5,3,0,2
396,1,49,45-53,No,"Travel Frequently",636,"Research & Development",10,4,"Life Sciences",3,Female,35,3,5,"Research Director",1,Single,18665,15k-20k,25594,9,Yes,11,3,4,0,22,4,3,3,2,1,2
397,1,36,36-44,No,"Travel Rarely",506,"Research & Development",3,3,"Technical Degree",3,Male,30,3,2,"Research Scientist",2,Single,4485,1k-5k,26285,4,No,12,3,4,0,10,2,3,8,0,7,7
399,1,31,27-35,No,"Travel Frequently",444,Sales,5,3,Marketing,4,Female,84,3,1,"Sales Representative",2,Divorced,2789,1k-5k,3909,1,No,11,3,3,1,2,5,2,2,2,2,2
401,1,26,18-26,Yes,"Travel Rarely",950,Sales,4,4,Marketing,4,Male,48,2,2,"Sales Executive",4,Single,5828,5k-10k,8450,1,Yes,12,3,2,0,8,0,3,8,7,7,4
403,1,37,36-44,No,"Travel Frequently",889,"Research & Development",9,3,Medical,2,Male,53,3,1,"Research Scientist",4,Married,2326,1k-5k,11411,1,Yes,12,3,3,3,4,3,2,4,2,1,2
404,1,42,36-44,No,"Travel Frequently",555,Sales,26,3,Marketing,3,Female,77,3,4,"Sales Executive",2,Married,13525,10k-15k,14864,5,No,14,3,4,1,23,2,4,20,4,4,8
405,1,18,18-26,Yes,"Travel Rarely",230,"Research & Development",3,3,"Life Sciences",3,Male,54,3,1,"Laboratory Technician",3,Single,1420,1k-5k,25233,1,No,13,3,3,0,0,2,3,0,0,0,0
406,1,35,27-35,No,"Travel Rarely",1232,Sales,16,3,Marketing,3,Male,96,3,3,"Sales Executive",2,Married,8020,5k-10k,5100,0,No,15,3,3,2,12,3,2,11,9,6,9
407,1,36,36-44,No,"Travel Frequently",566,"Research & Development",18,4,"Life Sciences",3,Male,81,4,1,"Laboratory Technician",4,Married,3688,1k-5k,7122,4,No,18,3,4,2,4,2,3,1,0,0,0
408,1,51,45-53,No,"Travel Rarely",1302,"Research & Development",2,3,Medical,4,Male,84,1,2,"Manufacturing Director",2,Divorced,5482,5k-10k,16321,5,No,18,3,4,1,13,3,3,4,1,1,2
410,1,41,36-44,No,"Travel Rarely",334,Sales,2,4,"Life Sciences",4,Male,88,3,4,Manager,2,Single,16015,15k-20k,15896,1,No,19,3,2,0,22,2,3,22,10,0,4
411,1,18,18-26,No,"Travel Rarely",812,Sales,10,3,Medical,4,Female,69,2,1,"Sales Representative",3,Single,1200,1k-5k,9724,1,No,12,3,1,0,0,2,3,0,0,0,0
412,1,28,27-35,No,"Travel Rarely",1476,"Research & Development",16,2,Medical,2,Male,68,4,2,"Healthcare Representative",1,Single,5661,5k-10k,4824,0,No,19,3,3,0,9,2,3,8,3,0,7
416,1,31,27-35,No,"Travel Rarely",218,Sales,7,3,"Technical Degree",2,Male,100,4,2,"Sales Executive",4,Married,6929,5k-10k,12241,4,No,11,3,2,1,10,3,2,8,7,7,7
417,1,39,36-44,No,"Travel Rarely",1132,"Research & Development",1,3,Medical,3,Male,48,4,3,"Healthcare Representative",4,Divorced,9613,5k-10k,10942,0,No,17,3,1,3,19,5,2,18,10,3,7
419,1,36,36-44,No,Non-Travel,1105,"Research & Development",24,4,"Life Sciences",2,Female,47,3,2,"Laboratory Technician",2,Married,5674,5k-10k,6927,7,No,15,3,3,1,11,3,3,9,8,0,8
420,1,32,27-35,No,"Travel Rarely",906,Sales,7,3,"Life Sciences",4,Male,91,2,2,"Sales Executive",3,Married,5484,5k-10k,16985,1,No,14,3,3,1,13,3,2,13,8,4,8
421,1,38,36-44,No,"Travel Rarely",849,"Research & Development",25,2,"Life Sciences",1,Female,81,2,3,"Research Director",2,Married,12061,10k-15k,26707,3,No,17,3,3,1,19,2,3,10,8,0,1
422,1,58,54-60,No,Non-Travel,390,"Research & Development",1,4,"Life Sciences",4,Male,32,1,2,"Healthcare Representative",3,Divorced,5660,5k-10k,17056,2,Yes,13,3,4,1,12,2,3,5,3,1,2
423,1,31,27-35,No,"Travel Rarely",691,"Research & Development",5,4,"Technical Degree",3,Male,86,3,1,"Research Scientist",4,Married,4821,1k-5k,10077,0,Yes,12,3,3,1,6,4,3,5,2,0,3
424,1,31,27-35,No,"Travel Rarely",106,"Human Resources",2,3,"Human Resources",1,Male,62,2,2,"Human Resources",1,Married,6410,5k-10k,17822,3,No,12,3,4,0,9,1,3,2,2,1,0
425,1,45,45-53,No,"Travel Frequently",1249,"Research & Development",7,3,"Life Sciences",1,Male,97,3,3,"Laboratory Technician",1,Divorced,5210,5k-10k,20308,1,No,18,3,1,1,24,2,3,24,9,9,11
426,1,31,27-35,No,"Travel Rarely",192,"Research & Development",2,4,"Life Sciences",3,Male,32,3,1,"Research Scientist",4,Divorced,2695,1k-5k,7747,0,Yes,18,3,2,1,3,2,1,2,2,2,2
428,1,33,27-35,No,"Travel Frequently",553,"Research & Development",5,4,"Life Sciences",4,Female,74,3,3,Manager,2,Married,11878,10k-15k,23364,6,No,11,3,2,2,12,2,3,10,6,8,8
429,1,39,36-44,No,"Travel Rarely",117,"Research & Development",10,1,Medical,3,Male,99,3,4,Manager,1,Married,17068,15k-20k,5355,1,Yes,14,3,4,0,21,3,3,21,9,11,10
430,1,43,36-44,No,"Travel Frequently",185,"Research & Development",10,4,"Life Sciences",3,Female,33,3,1,"Laboratory Technician",4,Single,2455,1k-5k,10675,0,No,19,3,1,0,9,5,3,8,7,1,7
431,1,49,45-53,No,"Travel Rarely",1091,"Research & Development",1,2,"Technical Degree",3,Female,90,2,4,"Healthcare Representative",3,Single,13964,10k-15k,17810,7,Yes,12,3,4,0,25,2,3,7,1,0,7
433,1,52,45-53,Yes,"Travel Rarely",723,"Research & Development",8,4,Medical,3,Male,85,2,2,"Research Scientist",2,Married,4941,1k-5k,17747,2,No,15,3,1,0,11,3,2,8,2,7,7
434,1,27,27-35,No,"Travel Rarely",1220,"Research & Development",5,3,"Life Sciences",3,Female,85,3,1,"Research Scientist",2,Single,2478,1k-5k,20938,1,Yes,12,3,2,0,4,2,2,4,3,1,2
436,1,32,27-35,No,"Travel Rarely",588,Sales,8,2,"Technical Degree",3,Female,65,2,2,"Sales Executive",2,Married,5228,5k-10k,24624,1,Yes,11,3,4,0,13,2,3,13,12,11,9
437,1,27,27-35,No,"Travel Rarely",1377,Sales,2,3,"Life Sciences",4,Male,74,3,2,"Sales Executive",3,Single,4478,1k-5k,5242,1,Yes,11,3,1,0,5,3,3,5,4,0,4
438,1,31,27-35,No,"Travel Rarely",691,Sales,7,3,Marketing,4,Male,73,3,2,"Sales Executive",4,Divorced,7547,5k-10k,7143,4,No,12,3,4,3,13,3,3,7,7,1,7
439,1,32,27-35,No,"Travel Rarely",1018,"Research & Development",2,4,Medical,1,Female,74,4,2,"Research Scientist",4,Single,5055,5k-10k,10557,7,No,16,3,3,0,10,0,2,7,7,0,7
440,1,28,27-35,Yes,"Travel Rarely",1157,"Research & Development",2,4,Medical,1,Male,84,1,1,"Research Scientist",4,Married,3464,1k-5k,24737,5,Yes,13,3,4,0,5,4,2,3,2,2,2
441,1,30,27-35,No,"Travel Rarely",1275,"Research & Development",28,2,Medical,4,Female,64,3,2,"Research Scientist",4,Married,5775,5k-10k,11934,1,No,13,3,4,2,11,2,3,10,8,1,9
442,1,31,27-35,No,"Travel Frequently",798,"Research & Development",7,2,"Life Sciences",3,Female,48,2,3,"Manufacturing Director",3,Married,8943,5k-10k,14034,1,No,24,4,1,1,10,2,3,10,9,8,9
444,1,39,36-44,No,"Travel Frequently",672,"Research & Development",7,2,Medical,3,Male,54,2,5,Manager,4,Married,19272,15k-20k,21141,1,No,15,3,1,1,21,2,3,21,9,13,3
445,1,39,36-44,Yes,"Travel Rarely",1162,Sales,3,2,Medical,4,Female,41,3,2,"Sales Executive",3,Married,5238,5k-10k,17778,4,Yes,18,3,1,0,12,3,2,1,0,0,0
446,1,33,27-35,No,"Travel Frequently",508,Sales,10,3,Marketing,2,Male,46,2,2,"Sales Executive",4,Single,4682,1k-5k,4317,3,No,14,3,3,0,9,6,2,7,7,0,1
447,1,47,45-53,No,"Travel Rarely",1482,"Research & Development",5,5,"Life Sciences",4,Male,42,3,5,"Research Director",3,Married,18300,15k-20k,16375,4,No,11,3,2,1,21,2,3,3,2,1,1
448,1,43,36-44,No,"Travel Frequently",559,"Research & Development",10,4,"Life Sciences",3,Female,82,2,2,"Laboratory Technician",3,Divorced,5257,5k-10k,6227,1,No,11,3,2,1,9,3,4,9,7,0,0
449,1,27,27-35,No,Non-Travel,210,Sales,1,1,Marketing,3,Male,73,3,2,"Sales Executive",2,Married,6349,5k-10k,22107,0,Yes,13,3,4,1,6,0,3,5,4,1,4
450,1,54,54-60,No,"Travel Frequently",928,"Research & Development",20,4,"Life Sciences",4,Female,31,3,2,"Research Scientist",3,Single,4869,1k-5k,16885,3,No,12,3,4,0,20,4,2,4,3,0,3
451,1,43,36-44,No,"Travel Rarely",1001,"Research & Development",7,3,"Life Sciences",3,Female,43,3,3,"Healthcare Representative",1,Married,9985,5k-10k,9262,8,No,16,3,1,1,10,1,2,1,0,0,0
452,1,45,45-53,No,"Travel Rarely",549,"Research & Development",8,4,Other,4,Male,75,3,2,"Research Scientist",4,Married,3697,1k-5k,9278,9,No,14,3,1,2,12,3,3,10,9,9,8
453,1,40,36-44,No,"Travel Rarely",1124,Sales,1,2,Medical,2,Male,57,1,2,"Sales Executive",4,Married,7457,5k-10k,13273,2,Yes,22,4,3,3,6,2,2,4,3,0,2
454,1,29,27-35,Yes,"Travel Rarely",318,"Research & Development",8,4,Other,2,Male,77,1,1,"Laboratory Technician",1,Married,2119,1k-5k,4759,1,Yes,11,3,4,0,7,4,2,7,7,0,7
455,1,29,27-35,No,"Travel Rarely",738,"Research & Development",9,5,Other,2,Male,30,2,1,"Laboratory Technician",4,Single,3983,1k-5k,7621,0,No,17,3,3,0,4,2,3,3,2,2,2
456,1,30,27-35,No,"Travel Rarely",570,Sales,5,3,Marketing,4,Female,30,2,2,"Sales Executive",3,Divorced,6118,5k-10k,5431,1,No,13,3,3,3,10,2,3,10,9,1,2
458,1,27,27-35,No,"Travel Rarely",1130,Sales,8,4,Marketing,2,Female,56,3,2,"Sales Executive",2,Married,6214,5k-10k,3415,1,No,18,3,1,1,8,3,3,8,7,0,7
460,1,37,36-44,No,"Travel Rarely",1192,"Research & Development",5,2,Medical,4,Male,61,3,2,"Manufacturing Director",4,Divorced,6347,5k-10k,23177,7,No,16,3,3,2,8,2,2,6,2,0,4
461,1,38,36-44,No,"Travel Rarely",343,"Research & Development",15,2,"Life Sciences",3,Male,92,2,3,"Research Director",4,Divorced,11510,10k-15k,15682,0,Yes,14,3,2,1,12,3,3,11,10,2,9
462,1,31,27-35,No,"Travel Rarely",1232,"Research & Development",7,4,Medical,3,Female,39,3,3,"Manufacturing Director",4,Single,7143,5k-10k,25713,1,Yes,14,3,3,0,11,2,2,11,9,4,10
463,1,29,27-35,No,"Travel Rarely",144,Sales,10,1,Marketing,4,Female,39,2,2,"Sales Executive",2,Divorced,8268,5k-10k,11866,1,Yes,14,3,1,2,7,2,3,7,7,1,7
464,1,35,27-35,No,"Travel Rarely",1296,"Research & Development",5,4,"Technical Degree",3,Male,62,3,3,"Manufacturing Director",2,Single,8095,5k-10k,18264,0,No,13,3,4,0,17,5,3,16,6,0,13
465,1,23,18-26,No,"Travel Rarely",1309,"Research & Development",26,1,"Life Sciences",3,Male,83,3,1,"Research Scientist",4,Divorced,2904,1k-5k,16092,1,No,12,3,3,2,4,2,2,4,2,0,2
466,1,41,36-44,No,"Travel Rarely",483,"Research & Development",6,3,Medical,4,Male,95,2,2,"Manufacturing Director",2,Single,6032,5k-10k,10110,6,Yes,15,3,4,0,8,3,3,5,4,1,2
467,1,47,45-53,No,"Travel Frequently",1309,Sales,4,1,Medical,2,Male,99,3,2,"Sales Representative",3,Single,2976,1k-5k,25751,3,No,19,3,1,0,5,3,3,0,0,0,0
468,1,42,36-44,No,"Travel Rarely",810,"Research & Development",23,5,"Life Sciences",1,Female,44,3,4,"Research Director",4,Single,15992,15k-20k,15901,2,No,14,3,2,0,16,2,3,1,0,0,0
469,1,29,27-35,No,Non-Travel,746,Sales,2,3,"Life Sciences",4,Male,61,3,2,"Sales Executive",3,Married,4649,1k-5k,16928,1,No,14,3,1,1,4,3,2,4,3,0,2
470,1,42,36-44,No,"Travel Rarely",544,"Human Resources",2,1,"Technical Degree",3,Male,52,3,1,"Human Resources",3,Divorced,2696,1k-5k,24017,0,Yes,11,3,3,1,4,5,3,3,2,1,0
471,1,32,27-35,No,"Travel Rarely",1062,"Research & Development",2,3,Medical,3,Female,75,3,1,"Laboratory Technician",2,Married,2370,1k-5k,3956,1,No,13,3,3,1,8,4,3,8,0,0,7
473,1,48,45-53,No,"Travel Rarely",530,Sales,29,1,Medical,1,Female,91,3,3,Manager,3,Married,12504,10k-15k,23978,3,No,21,4,2,1,15,3,1,0,0,0,0
474,1,37,36-44,No,"Travel Rarely",1319,"Research & Development",6,3,Medical,3,Male,51,4,2,"Research Scientist",1,Divorced,5974,5k-10k,17001,4,Yes,13,3,1,2,13,2,3,7,7,6,7
475,1,30,27-35,No,Non-Travel,641,Sales,25,2,"Technical Degree",4,Female,85,3,2,"Sales Executive",3,Married,4736,1k-5k,6069,7,Yes,12,3,2,1,4,2,4,2,2,2,2
476,1,26,18-26,No,"Travel Rarely",933,Sales,1,3,"Life Sciences",3,Male,57,3,2,"Sales Executive",3,Married,5296,5k-10k,20156,1,No,17,3,2,1,8,3,3,8,7,7,7
477,1,42,36-44,No,"Travel Rarely",1332,"Research & Development",2,4,Other,1,Male,98,2,2,"Healthcare Representative",4,Single,6781,5k-10k,17078,3,No,23,4,2,0,14,6,3,1,0,0,0
478,1,21,18-26,Yes,"Travel Frequently",756,Sales,1,1,"Technical Degree",1,Female,99,2,1,"Sales Representative",2,Single,2174,1k-5k,9150,1,Yes,11,3,3,0,3,3,3,3,2,1,2
479,1,36,36-44,No,Non-Travel,845,Sales,1,5,Medical,4,Female,45,3,2,"Sales Executive",4,Single,6653,5k-10k,15276,4,No,15,3,2,0,7,6,3,1,0,0,0
481,1,36,36-44,No,"Travel Frequently",541,Sales,3,4,Medical,1,Male,48,2,3,"Sales Executive",4,Married,9699,5k-10k,7246,4,No,11,3,1,1,16,2,3,13,9,1,12
482,1,57,54-60,No,"Travel Rarely",593,"Research & Development",1,4,Medical,4,Male,88,3,2,"Healthcare Representative",3,Married,6755,5k-10k,2967,2,No,11,3,3,0,15,2,3,3,2,1,2
483,1,40,36-44,No,"Travel Rarely",1171,"Research & Development",10,4,"Life Sciences",4,Female,46,4,1,"Laboratory Technician",3,Married,2213,1k-5k,22495,3,Yes,13,3,3,1,10,3,3,7,7,1,7
484,1,21,18-26,No,Non-Travel,895,Sales,9,2,Medical,1,Male,39,3,1,"Sales Representative",4,Single,2610,1k-5k,2851,1,No,24,4,3,0,3,3,2,3,2,2,2
485,1,33,27-35,Yes,"Travel Rarely",350,Sales,5,3,Marketing,4,Female,34,3,1,"Sales Representative",3,Single,2851,1k-5k,9150,1,Yes,13,3,2,0,1,2,3,1,0,0,0
486,1,37,36-44,No,"Travel Rarely",921,"Research & Development",10,3,Medical,3,Female,98,3,1,"Laboratory Technician",1,Married,3452,1k-5k,17663,6,No,20,4,2,1,17,3,3,5,4,0,3
487,1,46,45-53,No,Non-Travel,1144,"Research & Development",7,4,Medical,3,Female,30,3,2,"Manufacturing Director",3,Married,5258,5k-10k,16044,2,No,14,3,3,0,7,2,4,1,0,0,0
488,1,41,36-44,Yes,"Travel Frequently",143,Sales,4,3,Marketing,1,Male,56,3,2,"Sales Executive",2,Single,9355,5k-10k,9558,1,No,18,3,3,0,8,5,3,8,7,7,7
491,1,50,45-53,No,"Travel Rarely",1046,"Research & Development",10,3,"Technical Degree",4,Male,100,2,3,"Healthcare Representative",4,Single,10496,10k-15k,2755,6,No,15,3,4,0,20,2,3,4,3,1,3
492,1,40,36-44,Yes,"Travel Rarely",575,Sales,22,2,Marketing,3,Male,68,2,2,"Sales Executive",3,Married,6380,5k-10k,6110,2,Yes,12,3,1,2,8,6,3,6,4,1,0
493,1,31,27-35,No,"Travel Rarely",408,"Research & Development",9,4,"Life Sciences",3,Male,42,2,1,"Research Scientist",2,Single,2657,1k-5k,7551,0,Yes,16,3,4,0,3,5,3,2,2,2,2
494,1,21,18-26,Yes,"Travel Rarely",156,Sales,12,3,"Life Sciences",3,Female,90,4,1,"Sales Representative",2,Single,2716,1k-5k,25422,1,No,15,3,4,0,1,0,3,1,0,0,0
495,1,29,27-35,No,"Travel Rarely",1283,"Research & Development",23,3,"Life Sciences",4,Male,54,3,1,"Research Scientist",4,Single,2201,1k-5k,18168,9,No,16,3,4,0,6,4,3,3,2,1,2
496,1,35,27-35,No,"Travel Rarely",755,"Research & Development",9,4,"Life Sciences",3,Male,97,2,2,"Healthcare Representative",2,Single,6540,5k-10k,19394,9,No,19,3,3,0,10,5,3,1,1,0,0
497,1,27,27-35,No,"Travel Rarely",1469,"Research & Development",1,2,Medical,4,Male,82,3,1,"Laboratory Technician",2,Divorced,3816,1k-5k,17881,1,No,11,3,2,1,5,2,3,5,2,0,4
498,1,28,27-35,No,"Travel Rarely",304,Sales,9,4,"Life Sciences",2,Male,92,3,2,"Sales Executive",4,Single,5253,5k-10k,20750,1,No,16,3,4,0,7,1,3,7,5,0,7
499,1,49,45-53,No,"Travel Rarely",1261,"Research & Development",7,3,Other,2,Male,31,2,3,"Healthcare Representative",3,Single,10965,10k-15k,12066,8,No,24,4,3,0,26,2,3,5,2,0,0
500,1,51,45-53,No,"Travel Rarely",1178,Sales,14,2,"Life Sciences",3,Female,87,3,2,"Sales Executive",4,Married,4936,1k-5k,14862,4,No,11,3,3,1,18,2,2,7,7,0,7
501,1,36,36-44,No,"Travel Rarely",329,"Research & Development",2,3,"Life Sciences",4,Female,96,3,1,"Research Scientist",3,Married,2543,1k-5k,11868,4,No,13,3,2,1,6,3,3,2,2,2,2
502,1,34,27-35,Yes,Non-Travel,1362,Sales,19,3,Marketing,1,Male,67,4,2,"Sales Executive",4,Single,5304,5k-10k,4652,8,Yes,13,3,2,0,9,3,2,5,2,0,4
505,1,55,54-60,No,"Travel Rarely",1311,"Research & Development",2,3,"Life Sciences",3,Female,97,3,4,Manager,4,Single,16659,15k-20k,23258,2,Yes,13,3,3,0,30,2,3,5,4,1,2
507,1,24,18-26,No,"Travel Rarely",1371,Sales,10,4,Marketing,4,Female,77,3,2,"Sales Executive",3,Divorced,4260,1k-5k,5915,1,Yes,12,3,4,1,5,2,4,5,2,0,3
508,1,30,27-35,No,"Travel Rarely",202,Sales,2,1,"Technical Degree",3,Male,72,3,1,"Sales Representative",2,Married,2476,1k-5k,17434,1,No,18,3,1,1,1,3,3,1,0,0,0
510,1,26,18-26,Yes,"Travel Frequently",575,"Research & Development",3,1,"Technical Degree",3,Male,73,3,1,"Research Scientist",1,Single,3102,1k-5k,6582,0,No,22,4,3,0,7,2,3,6,4,0,4
511,1,22,18-26,No,"Travel Rarely",253,"Research & Development",11,3,Medical,1,Female,43,3,1,"Research Scientist",2,Married,2244,1k-5k,24440,1,No,13,3,4,1,2,1,3,2,1,1,2
513,1,36,36-44,No,"Travel Rarely",164,Sales,2,2,Medical,2,Male,61,2,3,"Sales Executive",3,Married,7596,5k-10k,3809,1,No,13,3,2,2,10,2,3,10,9,9,0
514,1,30,27-35,Yes,"Travel Frequently",464,"Research & Development",4,3,"Technical Degree",3,Male,40,3,1,"Research Scientist",4,Single,2285,1k-5k,3427,9,Yes,23,4,3,0,3,4,3,1,0,0,0
515,1,37,36-44,No,"Travel Rarely",1107,"Research & Development",14,3,"Life Sciences",4,Female,95,3,1,"Laboratory Technician",1,Divorced,3034,1k-5k,26914,1,No,12,3,3,1,18,2,2,18,7,12,17
516,1,40,36-44,No,"Travel Rarely",759,Sales,2,2,Marketing,4,Female,46,3,2,"Sales Executive",2,Divorced,5715,5k-10k,22553,7,No,12,3,3,2,8,5,3,5,4,1,3
517,1,42,36-44,No,"Travel Rarely",201,"Research & Development",1,4,"Life Sciences",2,Female,95,3,1,"Laboratory Technician",1,Divorced,2576,1k-5k,20490,3,No,16,3,2,1,8,5,3,5,2,1,2
518,1,37,36-44,No,"Travel Rarely",1305,"Research & Development",10,4,"Life Sciences",3,Male,49,3,2,"Manufacturing Director",2,Single,4197,1k-5k,21123,2,Yes,12,3,4,0,18,2,2,1,0,0,1
520,1,43,36-44,No,"Travel Rarely",982,"Research & Development",12,3,"Life Sciences",1,Male,59,2,4,"Research Director",2,Divorced,14336,10k-15k,4345,1,No,11,3,3,1,25,3,3,25,10,3,9
521,1,40,36-44,No,"Travel Rarely",555,"Research & Development",2,3,Medical,2,Female,78,2,2,"Laboratory Technician",3,Married,3448,1k-5k,13436,6,No,22,4,2,1,20,3,3,1,0,0,0
522,1,54,54-60,No,"Travel Rarely",821,"Research & Development",5,2,Medical,1,Male,86,3,5,"Research Director",1,Married,19406,15k-20k,8509,4,No,11,3,3,1,24,4,2,4,2,1,2
523,1,34,27-35,No,Non-Travel,1381,Sales,4,4,Marketing,3,Female,72,3,2,"Sales Executive",3,Married,6538,5k-10k,12740,9,No,15,3,1,1,6,3,3,3,2,1,2
524,1,31,27-35,No,"Travel Rarely",480,"Research & Development",7,2,Medical,2,Female,31,3,2,"Manufacturing Director",1,Married,4306,1k-5k,4156,1,No,12,3,2,1,13,5,1,13,10,3,12
525,1,43,36-44,No,"Travel Frequently",313,"Research & Development",21,3,Medical,4,Male,61,3,1,"Laboratory Technician",4,Married,2258,1k-5k,15238,7,No,20,4,1,1,8,1,3,3,2,1,2
526,1,43,36-44,No,"Travel Rarely",1473,"Research & Development",8,4,Other,3,Female,74,3,2,"Healthcare Representative",3,Divorced,4522,1k-5k,2227,4,Yes,14,3,4,0,8,3,3,5,2,0,2
527,1,25,18-26,No,"Travel Rarely",891,Sales,4,2,"Life Sciences",2,Female,99,2,2,"Sales Executive",4,Single,4487,1k-5k,12090,1,Yes,11,3,2,0,5,3,3,5,4,1,3
529,1,37,36-44,No,Non-Travel,1063,"Research & Development",25,5,Medical,2,Female,72,3,2,"Research Scientist",3,Married,4449,1k-5k,23866,3,Yes,15,3,1,2,15,2,3,13,11,10,7
530,1,31,27-35,No,"Travel Rarely",329,"Research & Development",1,2,"Life Sciences",4,Male,98,2,1,"Laboratory Technician",1,Married,2218,1k-5k,16193,1,No,12,3,3,1,4,3,3,4,2,3,2
531,1,39,36-44,No,"Travel Frequently",1218,"Research & Development",1,1,"Life Sciences",2,Male,52,3,5,Manager,3,Divorced,19197,15k-20k,8213,1,Yes,14,3,3,1,21,3,3,21,8,1,6
532,1,56,54-60,No,"Travel Frequently",906,Sales,6,3,"Life Sciences",3,Female,86,4,4,"Sales Executive",1,Married,13212,10k-15k,18256,9,No,11,3,4,3,36,0,2,7,7,7,7
533,1,30,27-35,No,"Travel Rarely",1082,Sales,12,3,"Technical Degree",2,Female,83,3,2,"Sales Executive",3,Single,6577,5k-10k,19558,0,No,11,3,2,0,6,6,3,5,4,4,4
534,1,41,36-44,No,"Travel Rarely",645,Sales,1,3,Marketing,2,Male,49,4,3,"Sales Executive",1,Married,8392,5k-10k,19566,1,No,16,3,3,1,10,2,3,10,7,0,7
536,1,28,27-35,No,"Travel Rarely",1300,"Research & Development",17,2,Medical,3,Male,79,3,2,"Laboratory Technician",1,Divorced,4558,1k-5k,13535,1,No,12,3,4,1,10,2,3,10,0,1,8
538,1,25,18-26,Yes,"Travel Rarely",688,"Research & Development",3,3,Medical,1,Male,91,3,1,"Laboratory Technician",1,Married,4031,1k-5k,9396,5,No,13,3,3,1,6,5,3,2,2,0,2
543,1,52,45-53,No,"Travel Rarely",319,"Research & Development",3,3,Medical,4,Male,39,2,3,"Manufacturing Director",3,Married,7969,5k-10k,19609,2,Yes,14,3,3,0,28,4,3,5,4,0,4
544,1,45,45-53,No,"Travel Rarely",192,"Research & Development",10,2,"Life Sciences",1,Male,69,3,1,"Research Scientist",4,Married,2654,1k-5k,9655,3,No,21,4,4,2,8,3,2,2,2,0,2
546,1,52,45-53,No,"Travel Rarely",1490,"Research & Development",4,2,"Life Sciences",4,Female,30,3,4,Manager,4,Married,16555,15k-20k,10310,2,No,13,3,4,0,31,2,1,5,2,1,4
547,1,42,36-44,No,"Travel Frequently",532,"Research & Development",29,2,"Life Sciences",1,Female,92,3,2,"Research Scientist",3,Divorced,4556,1k-5k,12932,2,No,11,3,2,1,19,3,3,5,4,0,2
548,1,30,27-35,No,"Travel Rarely",317,"Research & Development",2,3,"Life Sciences",3,Female,43,1,2,"Manufacturing Director",4,Single,6091,5k-10k,24793,2,No,20,4,3,0,11,2,3,5,4,0,2
549,1,60,54-60,No,"Travel Rarely",422,"Research & Development",7,3,"Life Sciences",1,Female,41,3,5,Manager,1,Married,19566,15k-20k,3854,5,No,11,3,4,0,33,5,1,29,8,11,10
550,1,46,45-53,No,"Travel Rarely",1485,"Research & Development",18,3,Medical,3,Female,87,3,2,"Manufacturing Director",3,Divorced,4810,1k-5k,26314,2,No,14,3,3,1,19,5,2,10,7,0,8
551,1,42,36-44,No,"Travel Frequently",1368,"Research & Development",28,4,"Technical Degree",4,Female,88,2,2,"Healthcare Representative",4,Married,4523,1k-5k,4386,0,No,11,3,4,3,7,4,4,6,5,0,4
554,1,24,18-26,Yes,"Travel Rarely",1448,Sales,1,1,"Technical Degree",1,Female,62,3,1,"Sales Representative",2,Single,3202,1k-5k,21972,1,Yes,16,3,2,0,6,4,3,5,3,1,4
555,1,34,27-35,Yes,"Travel Frequently",296,Sales,6,2,Marketing,4,Female,33,1,1,"Sales Representative",3,Divorced,2351,1k-5k,12253,0,No,16,3,4,1,3,3,2,2,2,1,0
556,1,38,36-44,No,"Travel Frequently",1490,"Research & Development",2,2,"Life Sciences",4,Male,42,3,1,"Laboratory Technician",4,Married,1702,1k-5k,12106,1,Yes,23,4,3,1,1,3,3,1,0,0,0
558,1,40,36-44,No,"Travel Rarely",1398,Sales,2,4,"Life Sciences",3,Female,79,3,5,Manager,3,Married,18041,15k-20k,13022,0,No,14,3,4,0,21,2,3,20,15,1,12
560,1,26,18-26,No,"Travel Rarely",1349,"Research & Development",23,3,"Life Sciences",1,Female,90,3,1,"Research Scientist",4,Divorced,2886,1k-5k,3032,1,No,22,4,2,2,3,3,1,3,2,0,2
562,1,30,27-35,No,Non-Travel,1400,"Research & Development",3,3,"Life Sciences",3,Male,53,3,1,"Laboratory Technician",4,Married,2097,1k-5k,16734,4,No,15,3,3,1,9,3,1,5,3,1,4
564,1,29,27-35,No,"Travel Rarely",986,"Research & Development",3,4,Medical,2,Male,93,2,3,"Research Director",3,Married,11935,10k-15k,21526,1,No,18,3,3,0,10,2,3,10,2,0,7
565,1,29,27-35,Yes,"Travel Rarely",408,"Research & Development",25,5,"Technical Degree",3,Female,71,2,1,"Research Scientist",2,Married,2546,1k-5k,18300,5,No,16,3,2,0,6,2,4,2,2,1,1
566,1,19,18-26,Yes,"Travel Rarely",489,"Human Resources",2,2,"Technical Degree",1,Male,52,2,1,"Human Resources",4,Single,2564,1k-5k,18437,1,No,12,3,3,0,1,3,4,1,0,0,0
567,1,30,27-35,No,Non-Travel,1398,Sales,22,4,Other,3,Female,69,3,3,"Sales Executive",1,Married,8412,5k-10k,2890,0,No,11,3,3,0,10,3,3,9,8,7,8
568,1,57,54-60,No,"Travel Rarely",210,Sales,29,3,Marketing,1,Male,56,2,4,Manager,4,Divorced,14118,10k-15k,22102,3,No,12,3,3,1,32,3,2,1,0,0,0
569,1,50,45-53,No,"Travel Rarely",1099,"Research & Development",29,4,"Life Sciences",2,Male,88,2,4,Manager,3,Married,17046,15k-20k,9314,0,No,15,3,2,1,28,2,3,27,10,15,7
571,1,30,27-35,No,Non-Travel,1116,"Research & Development",2,3,Medical,3,Female,49,3,1,"Laboratory Technician",4,Single,2564,1k-5k,7181,0,No,14,3,3,0,12,2,2,11,7,6,7
573,1,60,54-60,No,"Travel Frequently",1499,Sales,28,3,Marketing,3,Female,80,2,3,"Sales Executive",1,Married,10266,10k-15k,2845,4,No,19,3,4,0,22,5,4,18,13,13,11
574,1,47,45-53,No,"Travel Rarely",983,"Research & Development",2,2,Medical,1,Female,65,3,2,"Manufacturing Director",4,Divorced,5070,5k-10k,7389,5,No,13,3,3,3,20,2,3,5,0,0,4
575,1,46,45-53,No,"Travel Rarely",1009,"Research & Development",2,3,"Life Sciences",1,Male,51,3,4,"Research Director",3,Married,17861,15k-20k,2288,6,No,13,3,3,0,26,2,1,3,2,0,1
577,1,35,27-35,No,"Travel Rarely",144,"Research & Development",22,3,"Life Sciences",4,Male,46,1,1,"Laboratory Technician",3,Single,4230,1k-5k,19225,0,No,15,3,3,0,6,2,3,5,4,4,3
578,1,54,54-60,No,"Travel Rarely",548,"Research & Development",8,4,"Life Sciences",3,Female,42,3,2,"Laboratory Technician",3,Single,3780,1k-5k,23428,7,No,11,3,3,0,19,3,3,1,0,0,0
579,1,34,27-35,No,"Travel Rarely",1303,"Research & Development",2,4,"Life Sciences",4,Male,62,2,1,"Research Scientist",3,Divorced,2768,1k-5k,8416,3,No,12,3,3,1,14,3,3,7,3,5,7
580,1,46,45-53,No,"Travel Rarely",1125,Sales,10,3,Marketing,3,Female,94,2,3,"Sales Executive",4,Married,9071,5k-10k,11563,2,Yes,19,3,3,1,15,3,3,3,2,1,2
581,1,31,27-35,No,"Travel Rarely",1274,"Research & Development",9,1,"Life Sciences",3,Male,33,3,3,"Manufacturing Director",2,Divorced,10648,10k-15k,14394,1,No,25,4,4,1,13,6,4,13,8,0,8
582,1,33,27-35,Yes,"Travel Rarely",1277,"Research & Development",15,1,Medical,2,Male,56,3,3,Manager,3,Married,13610,10k-15k,24619,7,Yes,12,3,4,0,15,2,4,7,6,7,7
584,1,33,27-35,Yes,"Travel Rarely",587,"Research & Development",10,1,Medical,1,Male,38,1,1,"Laboratory Technician",4,Divorced,3408,1k-5k,6705,7,No,13,3,1,3,8,2,3,4,3,1,3
585,1,30,27-35,No,"Travel Rarely",413,Sales,7,1,Marketing,4,Male,57,3,1,"Sales Representative",2,Single,2983,1k-5k,18398,0,No,14,3,1,0,4,3,3,3,2,1,2
586,1,35,27-35,No,"Travel Rarely",1276,"Research & Development",16,3,"Life Sciences",4,Male,72,3,3,"Healthcare Representative",3,Married,7632,5k-10k,14295,4,Yes,12,3,3,0,10,2,3,8,7,0,0
587,1,31,27-35,Yes,"Travel Frequently",534,"Research & Development",20,3,"Life Sciences",1,Male,66,3,3,"Healthcare Representative",3,Married,9824,5k-10k,22908,3,No,12,3,1,0,12,2,3,1,0,0,0
590,1,34,27-35,Yes,"Travel Frequently",988,"Human Resources",23,3,"Human Resources",2,Female,43,3,3,"Human Resources",1,Divorced,9950,5k-10k,11533,9,Yes,15,3,3,3,11,2,3,3,2,0,2
591,1,42,36-44,No,"Travel Frequently",1474,"Research & Development",5,2,Other,2,Male,97,3,1,"Laboratory Technician",3,Married,2093,1k-5k,9260,4,No,17,3,4,1,8,4,3,2,2,2,0
592,1,36,36-44,No,Non-Travel,635,Sales,10,4,Medical,2,Male,32,3,3,"Sales Executive",4,Single,9980,5k-10k,15318,1,No,14,3,4,0,10,3,2,10,3,9,7
593,1,22,18-26,Yes,"Travel Frequently",1368,"Research & Development",4,1,"Technical Degree",3,Male,99,2,1,"Laboratory Technician",3,Single,3894,1k-5k,9129,5,No,16,3,3,0,4,3,3,2,2,1,2
595,1,48,45-53,No,"Travel Rarely",163,Sales,2,5,Marketing,2,Female,37,3,2,"Sales Executive",4,Married,4051,1k-5k,19658,2,No,14,3,1,1,14,2,3,9,7,6,7
597,1,55,54-60,No,"Travel Rarely",1117,Sales,18,5,"Life Sciences",1,Female,83,3,4,Manager,2,Single,16835,15k-20k,9873,3,No,23,4,4,0,37,2,3,10,9,7,7
599,1,41,36-44,No,Non-Travel,267,Sales,10,2,"Life Sciences",4,Male,56,3,2,"Sales Executive",4,Single,6230,5k-10k,13430,7,No,14,3,4,0,16,3,3,14,3,1,10
600,1,35,27-35,No,"Travel Rarely",619,Sales,1,3,Marketing,2,Male,85,3,2,"Sales Executive",3,Married,4717,1k-5k,18659,9,No,11,3,3,0,15,2,3,11,9,6,9
601,1,40,36-44,No,"Travel Rarely",302,"Research & Development",6,3,"Life Sciences",2,Female,75,3,4,"Manufacturing Director",3,Single,13237,10k-15k,20364,7,No,15,3,3,0,22,3,3,20,6,5,13
602,1,39,36-44,No,"Travel Frequently",443,"Research & Development",8,1,"Life Sciences",3,Female,48,3,1,"Laboratory Technician",3,Married,3755,1k-5k,17872,1,No,11,3,1,1,8,3,3,8,3,0,7
604,1,31,27-35,No,"Travel Rarely",828,Sales,2,1,"Life Sciences",2,Male,77,3,2,"Sales Executive",4,Single,6582,5k-10k,8346,4,Yes,13,3,3,0,10,2,4,6,5,0,5
605,1,42,36-44,No,"Travel Rarely",319,"Research & Development",24,3,Medical,4,Male,56,3,3,"Manufacturing Director",1,Married,7406,5k-10k,6950,1,Yes,21,4,4,1,10,5,2,10,9,5,8
606,1,45,45-53,No,"Travel Rarely",561,Sales,2,3,Other,4,Male,61,3,2,"Sales Executive",2,Married,4805,1k-5k,16177,0,No,19,3,2,1,9,3,4,8,7,3,7
608,1,26,18-26,Yes,"Travel Frequently",426,"Human Resources",17,4,"Life Sciences",2,Female,58,3,1,"Human Resources",3,Divorced,2741,1k-5k,22808,0,Yes,11,3,2,1,8,2,2,7,7,1,0
611,1,29,27-35,No,"Travel Rarely",232,"Research & Development",19,3,"Technical Degree",4,Male,34,3,2,"Manufacturing Director",4,Divorced,4262,1k-5k,22645,4,No,12,3,2,2,8,2,4,3,2,1,2
612,1,33,27-35,No,"Travel Rarely",922,"Research & Development",1,5,Medical,1,Female,95,4,4,"Research Director",3,Divorced,16184,15k-20k,22578,4,No,19,3,3,1,10,2,3,6,1,0,5
613,1,31,27-35,No,"Travel Rarely",688,Sales,7,3,"Life Sciences",3,Male,44,2,3,Manager,4,Divorced,11557,10k-15k,25291,9,No,21,4,3,1,10,3,2,5,4,0,1
614,1,18,18-26,Yes,"Travel Frequently",1306,Sales,5,3,Marketing,2,Male,69,3,1,"Sales Representative",2,Single,1878,1k-5k,8059,1,Yes,14,3,4,0,0,3,3,0,0,0,0
615,1,40,36-44,No,Non-Travel,1094,Sales,28,3,Other,3,Male,58,1,3,"Sales Executive",1,Divorced,10932,10k-15k,11373,3,No,15,3,3,1,20,2,3,1,0,0,1
616,1,41,36-44,No,Non-Travel,509,"Research & Development",2,4,Other,1,Female,62,2,2,"Healthcare Representative",3,Single,6811,5k-10k,2112,2,Yes,17,3,1,0,10,3,3,8,7,0,7
618,1,26,18-26,No,"Travel Rarely",775,Sales,29,2,Medical,1,Male,45,3,2,"Sales Executive",3,Divorced,4306,1k-5k,4267,5,No,12,3,1,2,8,5,3,0,0,0,0
620,1,35,27-35,No,"Travel Rarely",195,Sales,1,3,Medical,1,Female,80,3,2,"Sales Executive",3,Single,4859,1k-5k,6698,1,No,16,3,4,0,5,3,3,5,4,0,3
621,1,34,27-35,No,"Travel Rarely",258,Sales,21,4,"Life Sciences",4,Male,74,4,2,"Sales Executive",4,Single,5337,5k-10k,19921,1,No,12,3,4,0,10,3,3,10,7,5,7
622,1,26,18-26,Yes,"Travel Rarely",471,"Research & Development",24,3,"Technical Degree",3,Male,66,1,1,"Laboratory Technician",4,Single,2340,1k-5k,23213,1,Yes,18,3,2,0,1,3,1,1,0,0,0
623,1,37,36-44,No,"Travel Rarely",799,"Research & Development",1,3,"Technical Degree",2,Female,59,3,3,"Manufacturing Director",4,Single,7491,5k-10k,23848,4,No,17,3,4,0,12,3,4,6,5,1,2
624,1,46,45-53,No,"Travel Frequently",1034,"Research & Development",18,1,Medical,1,Female,86,3,3,"Healthcare Representative",3,Married,10527,10k-15k,8984,5,No,11,3,4,0,28,3,2,2,2,1,2
625,1,41,36-44,No,"Travel Rarely",1276,Sales,2,5,"Life Sciences",2,Female,91,3,4,Manager,1,Married,16595,15k-20k,5626,7,No,16,3,2,1,22,2,3,18,16,11,8
626,1,37,36-44,No,Non-Travel,142,Sales,9,4,Medical,1,Male,69,3,3,"Sales Executive",2,Divorced,8834,5k-10k,24666,1,No,13,3,4,1,9,6,3,9,5,7,7
630,1,52,45-53,No,"Travel Rarely",956,"Research & Development",6,2,"Technical Degree",4,Male,78,3,2,"Research Scientist",1,Divorced,5577,5k-10k,22087,3,Yes,12,3,2,2,18,3,3,10,9,6,9
631,1,32,27-35,Yes,Non-Travel,1474,Sales,11,4,Other,4,Male,60,4,2,"Sales Executive",3,Married,4707,1k-5k,23914,8,No,12,3,4,0,6,2,3,4,2,1,2
632,1,24,18-26,No,"Travel Frequently",535,Sales,24,3,Medical,4,Male,38,3,1,"Sales Representative",4,Married,2400,1k-5k,5530,0,No,13,3,3,2,3,3,3,2,2,2,1
634,1,38,36-44,No,"Travel Rarely",1495,"Research & Development",10,3,Medical,3,Female,76,3,2,"Healthcare Representative",3,Married,9824,5k-10k,22174,3,No,19,3,3,1,18,4,3,1,0,0,0
635,1,37,36-44,No,"Travel Rarely",446,"Research & Development",1,4,"Life Sciences",2,Female,65,3,2,"Manufacturing Director",2,Married,6447,5k-10k,15701,6,No,12,3,2,1,8,2,2,6,5,4,3
638,1,49,45-53,No,"Travel Rarely",1245,"Research & Development",18,4,"Life Sciences",4,Male,58,2,5,"Research Director",3,Divorced,19502,15k-20k,2125,1,Yes,17,3,3,1,31,5,3,31,9,0,9
639,1,24,18-26,No,"Travel Rarely",691,"Research & Development",23,3,Medical,2,Male,89,4,1,"Research Scientist",4,Married,2725,1k-5k,21630,1,Yes,11,3,2,2,6,3,3,6,5,1,4
641,1,26,18-26,No,"Travel Rarely",703,Sales,28,2,Marketing,1,Male,66,3,2,"Sales Executive",2,Married,6272,5k-10k,7428,1,No,20,4,4,2,6,5,4,5,3,1,4
643,1,24,18-26,No,"Travel Rarely",823,"Research & Development",17,2,Other,4,Male,94,2,1,"Laboratory Technician",2,Married,2127,1k-5k,9100,1,No,21,4,4,1,1,2,3,1,0,0,0
644,1,50,45-53,No,"Travel Frequently",1246,"Human Resources",3,3,Medical,1,Male,99,3,5,Manager,2,Married,18200,15k-20k,7999,1,No,11,3,3,1,32,2,3,32,5,10,7
645,1,25,18-26,No,"Travel Rarely",622,Sales,13,1,Medical,2,Male,40,3,1,"Sales Representative",3,Married,2096,1k-5k,26376,1,No,11,3,3,0,7,1,3,7,4,0,6
647,1,24,18-26,Yes,"Travel Frequently",1287,"Research & Development",7,3,"Life Sciences",1,Female,55,3,1,"Laboratory Technician",3,Married,2886,1k-5k,14168,1,Yes,16,3,4,1,6,4,3,6,3,1,2
648,1,30,27-35,Yes,"Travel Frequently",448,Sales,12,4,"Life Sciences",2,Male,74,2,1,"Sales Representative",1,Married,2033,1k-5k,14470,1,No,18,3,3,1,1,2,4,1,0,0,0
649,1,34,27-35,No,"Travel Rarely",254,"Research & Development",1,2,"Life Sciences",2,Male,83,2,1,"Research Scientist",4,Married,3622,1k-5k,22794,1,Yes,13,3,4,1,6,3,3,6,5,1,3
650,1,31,27-35,Yes,"Travel Rarely",1365,Sales,13,4,Medical,2,Male,46,3,2,"Sales Executive",1,Divorced,4233,1k-5k,11512,2,No,17,3,3,0,9,2,1,3,1,1,2
652,1,35,27-35,No,"Travel Rarely",538,"Research & Development",25,2,Other,1,Male,54,2,2,"Laboratory Technician",4,Single,3681,1k-5k,14004,4,No,14,3,4,0,9,3,3,3,2,0,2
653,1,31,27-35,No,"Travel Rarely",525,Sales,6,4,Medical,1,Male,66,4,2,"Sales Executive",4,Divorced,5460,5k-10k,6219,4,No,22,4,4,2,13,4,4,7,7,5,7
655,1,27,27-35,No,"Travel Rarely",798,"Research & Development",6,4,Medical,1,Female,66,2,1,"Research Scientist",3,Divorced,2187,1k-5k,5013,0,No,12,3,3,2,6,5,2,5,3,0,3
656,1,37,36-44,No,"Travel Rarely",558,Sales,2,3,Marketing,4,Male,75,3,2,"Sales Executive",3,Married,9602,5k-10k,3010,4,Yes,11,3,3,1,17,3,2,3,0,1,0
657,1,20,18-26,No,"Travel Rarely",959,"Research & Development",1,3,"Life Sciences",4,Female,83,2,1,"Research Scientist",2,Single,2836,1k-5k,11757,1,No,13,3,4,0,1,0,4,1,0,0,0
659,1,42,36-44,No,"Travel Rarely",622,"Research & Development",2,4,"Life Sciences",3,Female,81,3,2,"Healthcare Representative",4,Married,4089,1k-5k,5718,1,No,13,3,2,2,10,4,3,10,2,2,2
661,1,43,36-44,No,"Travel Rarely",782,"Research & Development",6,4,Other,2,Male,50,2,4,"Research Director",4,Divorced,16627,15k-20k,2671,4,Yes,14,3,3,1,21,3,2,1,0,0,0
662,1,38,36-44,No,"Travel Rarely",362,"Research & Development",1,1,"Life Sciences",3,Female,43,3,1,"Research Scientist",1,Single,2619,1k-5k,14561,3,No,17,3,4,0,8,3,2,0,0,0,0
663,1,43,36-44,No,"Travel Frequently",1001,"Research & Development",9,5,Medical,4,Male,72,3,2,"Laboratory Technician",3,Divorced,5679,5k-10k,19627,3,Yes,13,3,2,1,10,3,3,8,7,4,7
664,1,48,45-53,No,"Travel Rarely",1236,"Research & Development",1,4,"Life Sciences",4,Female,40,2,4,Manager,1,Married,15402,15k-20k,17997,7,No,11,3,1,1,21,3,1,3,2,0,2
665,1,44,36-44,No,"Travel Rarely",1112,"Human Resources",1,4,"Life Sciences",1,Female,50,2,2,"Human Resources",3,Single,5985,5k-10k,26894,4,No,11,3,2,0,10,1,4,2,2,0,2
666,1,34,27-35,No,"Travel Rarely",204,Sales,14,3,"Technical Degree",3,Female,31,3,1,"Sales Representative",3,Divorced,2579,1k-5k,2912,1,Yes,18,3,4,2,8,3,3,8,2,0,6
667,1,27,27-35,Yes,"Travel Rarely",1420,Sales,2,1,Marketing,3,Male,85,3,1,"Sales Representative",1,Divorced,3041,1k-5k,16346,0,No,11,3,2,1,5,3,3,4,3,0,2
669,1,21,18-26,No,"Travel Rarely",1343,Sales,22,1,"Technical Degree",3,Male,49,3,1,"Sales Representative",3,Single,3447,1k-5k,24444,1,No,11,3,3,0,3,2,3,3,2,1,2
671,1,44,36-44,No,"Travel Rarely",1315,"Research & Development",3,4,Other,4,Male,35,3,5,Manager,4,Married,19513,15k-20k,9358,4,Yes,12,3,1,1,26,2,4,2,2,0,1
675,1,22,18-26,No,"Travel Rarely",604,"Research & Development",6,1,Medical,1,Male,69,3,1,"Research Scientist",3,Married,2773,1k-5k,12145,0,No,20,4,4,0,3,3,3,2,2,2,2
677,1,33,27-35,No,"Travel Rarely",1216,Sales,8,4,Marketing,3,Male,39,3,2,"Sales Executive",3,Divorced,7104,5k-10k,20431,0,No,12,3,4,0,6,3,3,5,0,1,2
679,1,32,27-35,No,"Travel Rarely",646,"Research & Development",9,4,"Life Sciences",1,Female,92,3,2,"Research Scientist",4,Married,6322,5k-10k,18089,1,Yes,12,3,4,1,6,2,2,6,4,0,5
680,1,30,27-35,No,"Travel Frequently",160,"Research & Development",3,3,Medical,3,Female,71,3,1,"Research Scientist",3,Divorced,2083,1k-5k,22653,1,No,20,4,3,1,1,2,3,1,0,0,0
682,1,53,45-53,No,"Travel Rarely",238,Sales,1,1,Medical,4,Female,34,3,2,"Sales Executive",1,Single,8381,5k-10k,7507,7,No,20,4,4,0,18,2,4,14,7,8,10
683,1,34,27-35,No,"Travel Rarely",1397,"Research & Development",1,5,"Life Sciences",2,Male,42,3,1,"Research Scientist",4,Married,2691,1k-5k,7660,1,No,12,3,4,1,10,4,2,10,9,8,8
684,1,45,45-53,Yes,"Travel Frequently",306,Sales,26,4,"Life Sciences",1,Female,100,3,2,"Sales Executive",1,Married,4286,1k-5k,5630,2,No,14,3,4,2,5,4,3,1,1,0,0
686,1,26,18-26,No,"Travel Rarely",991,"Research & Development",6,3,"Life Sciences",3,Female,71,3,1,"Laboratory Technician",4,Married,2659,1k-5k,17759,1,Yes,13,3,3,1,3,2,3,3,2,0,2
689,1,37,36-44,No,"Travel Rarely",482,"Research & Development",3,3,Other,3,Male,36,3,3,"Manufacturing Director",3,Married,9434,5k-10k,9606,1,No,15,3,3,1,10,2,3,10,7,7,8
690,1,29,27-35,No,"Travel Rarely",1176,Sales,3,2,Medical,2,Female,62,3,2,"Sales Executive",3,Married,5561,5k-10k,3487,1,No,14,3,1,1,6,5,2,6,0,1,2
691,1,35,27-35,No,"Travel Rarely",1017,"Research & Development",6,4,"Life Sciences",2,Male,82,1,2,"Research Scientist",4,Single,6646,5k-10k,19368,1,No,13,3,2,0,17,3,3,17,11,11,8
692,1,33,27-35,No,"Travel Frequently",1296,"Research & Development",6,3,"Life Sciences",3,Male,30,3,2,"Healthcare Representative",4,Divorced,7725,5k-10k,5335,3,No,23,4,3,1,15,2,1,13,11,4,7
698,1,54,54-60,No,"Travel Rarely",397,"Human Resources",19,4,Medical,3,Male,88,3,3,"Human Resources",2,Married,10725,10k-15k,6729,2,No,15,3,3,1,16,1,4,9,7,7,1
699,1,36,36-44,No,"Travel Rarely",913,"Research & Development",9,2,Medical,2,Male,48,2,2,"Manufacturing Director",2,Divorced,8847,5k-10k,13934,2,Yes,11,3,3,1,13,2,3,3,2,0,2
700,1,27,27-35,No,"Travel Rarely",1115,"Research & Development",3,4,Medical,1,Male,54,2,1,"Research Scientist",4,Single,2045,1k-5k,15174,0,No,13,3,4,0,5,0,3,4,2,1,1
701,1,20,18-26,Yes,"Travel Rarely",1362,"Research & Development",10,1,Medical,4,Male,32,3,1,"Research Scientist",3,Single,1009,1k-5k,26999,1,Yes,11,3,4,0,1,5,3,1,0,1,1
702,1,33,27-35,Yes,"Travel Frequently",1076,"Research & Development",3,3,"Life Sciences",1,Male,70,3,1,"Research Scientist",1,Single,3348,1k-5k,3164,1,Yes,11,3,1,0,10,3,3,10,8,9,7
704,1,35,27-35,No,Non-Travel,727,"Research & Development",3,3,"Life Sciences",3,Male,41,2,1,"Laboratory Technician",3,Married,1281,1k-5k,16900,1,No,18,3,3,2,1,3,3,1,0,0,0
705,1,23,18-26,No,"Travel Rarely",885,"Research & Development",4,3,Medical,1,Male,58,4,1,"Research Scientist",1,Married,2819,1k-5k,8544,2,No,16,3,1,1,5,3,4,3,2,0,2
707,1,25,18-26,No,"Travel Rarely",810,Sales,8,3,"Life Sciences",4,Male,57,4,2,"Sales Executive",2,Married,4851,1k-5k,15678,0,No,22,4,3,1,4,4,3,3,2,1,2
709,1,38,36-44,No,"Travel Rarely",243,Sales,7,4,Marketing,4,Female,46,2,2,"Sales Executive",4,Single,4028,1k-5k,7791,0,No,20,4,1,0,8,2,3,7,7,0,5
710,1,29,27-35,No,"Travel Frequently",806,"Research & Development",1,4,"Life Sciences",2,Male,76,1,1,"Research Scientist",4,Divorced,2720,1k-5k,18959,1,No,18,3,4,1,10,5,3,10,7,2,8
712,1,48,45-53,No,"Travel Rarely",817,Sales,2,1,Marketing,2,Male,56,4,2,"Sales Executive",2,Married,8120,5k-10k,18597,3,No,12,3,4,0,12,3,3,2,2,2,2
714,1,27,27-35,No,"Travel Frequently",1410,Sales,3,1,Medical,4,Female,71,4,2,"Sales Executive",4,Divorced,4647,1k-5k,16673,1,Yes,20,4,2,2,6,3,3,6,5,0,4
715,1,37,36-44,No,"Travel Rarely",1225,"Research & Development",10,2,"Life Sciences",4,Male,80,4,1,"Research Scientist",4,Single,4680,1k-5k,15232,3,No,17,3,1,0,4,2,3,1,0,0,0
716,1,50,45-53,No,"Travel Rarely",1207,"Research & Development",28,1,Medical,4,Male,74,4,1,"Laboratory Technician",3,Married,3221,1k-5k,3297,1,Yes,11,3,3,3,20,3,3,20,8,3,8
717,1,34,27-35,No,"Travel Rarely",1442,"Research & Development",9,3,Medical,4,Female,46,2,3,"Healthcare Representative",2,Single,8621,5k-10k,17654,1,No,14,3,2,0,9,3,4,8,7,7,7
720,1,24,18-26,Yes,"Travel Rarely",693,Sales,3,2,"Life Sciences",1,Female,65,3,2,"Sales Executive",3,Single,4577,1k-5k,24785,9,No,14,3,1,0,4,3,3,2,2,2,0
721,1,39,36-44,No,"Travel Rarely",408,"Research & Development",2,4,"Technical Degree",4,Female,80,2,2,"Healthcare Representative",3,Single,4553,1k-5k,20978,1,No,11,3,1,0,20,4,3,20,7,11,10
722,1,32,27-35,No,"Travel Rarely",929,Sales,10,3,Marketing,4,Male,55,3,2,"Sales Executive",4,Single,5396,5k-10k,21703,1,No,12,3,4,0,10,2,2,10,7,0,8
723,1,50,45-53,Yes,"Travel Frequently",562,Sales,8,2,"Technical Degree",2,Male,50,3,2,"Sales Executive",3,Married,6796,5k-10k,23452,3,Yes,14,3,1,1,18,4,3,4,3,1,3
724,1,38,36-44,No,"Travel Rarely",827,"Research & Development",1,4,"Life Sciences",2,Female,33,4,2,"Healthcare Representative",4,Single,7625,5k-10k,19383,0,No,13,3,3,0,10,4,2,9,7,1,8
725,1,27,27-35,No,"Travel Rarely",608,"Research & Development",1,2,"Life Sciences",3,Female,68,3,3,"Manufacturing Director",1,Married,7412,5k-10k,6009,1,No,11,3,4,0,9,3,3,9,7,0,7
727,1,32,27-35,No,"Travel Rarely",1018,"Research & Development",3,2,"Life Sciences",3,Female,39,3,3,"Research Director",4,Single,11159,10k-15k,19373,3,No,15,3,4,0,10,6,3,7,7,7,7
728,1,47,45-53,No,"Travel Rarely",703,Sales,14,4,Marketing,4,Male,42,3,2,"Sales Executive",1,Single,4960,1k-5k,11825,2,No,12,3,4,0,20,2,3,7,7,1,7
729,1,40,36-44,No,"Travel Frequently",580,Sales,5,4,"Life Sciences",4,Male,48,2,3,"Sales Executive",1,Married,10475,10k-15k,23772,5,Yes,21,4,3,1,20,2,3,18,13,1,12
730,1,53,45-53,No,"Travel Rarely",970,"Research & Development",7,3,"Life Sciences",3,Male,59,4,4,"Research Director",3,Married,14814,10k-15k,13514,3,No,19,3,3,0,32,3,3,5,1,1,3
731,1,41,36-44,No,"Travel Rarely",427,"Human Resources",10,4,"Human Resources",2,Male,73,2,5,Manager,4,Divorced,19141,15k-20k,8861,3,No,15,3,2,3,23,2,2,21,6,12,6
732,1,60,54-60,No,"Travel Rarely",1179,Sales,16,4,Marketing,1,Male,84,3,2,"Sales Executive",1,Single,5405,5k-10k,11924,8,No,14,3,4,0,10,1,3,2,2,2,2
733,1,27,27-35,No,"Travel Frequently",294,"Research & Development",10,2,"Life Sciences",4,Male,32,3,3,"Manufacturing Director",1,Divorced,8793,5k-10k,4809,1,No,21,4,3,2,9,4,2,9,7,1,7
734,1,41,36-44,No,"Travel Rarely",314,"Human Resources",1,3,"Human Resources",4,Male,59,2,5,Manager,3,Married,19189,15k-20k,19562,1,No,12,3,2,1,22,3,3,22,7,2,10
738,1,50,45-53,No,"Travel Rarely",316,Sales,8,4,Marketing,4,Male,54,3,1,"Sales Representative",2,Married,3875,1k-5k,9983,7,No,15,3,4,1,4,2,3,2,2,2,2
741,1,28,27-35,Yes,"Travel Rarely",654,"Research & Development",1,2,"Life Sciences",1,Female,67,1,1,"Research Scientist",2,Single,2216,1k-5k,3872,7,Yes,13,3,4,0,10,4,3,7,7,3,7
742,1,36,36-44,No,Non-Travel,427,"Research & Development",8,3,"Life Sciences",1,Female,63,4,3,"Research Director",1,Married,11713,10k-15k,20335,9,No,14,3,1,1,10,2,3,8,7,0,5
743,1,38,36-44,No,"Travel Rarely",168,"Research & Development",1,3,"Life Sciences",3,Female,81,3,3,"Manufacturing Director",3,Single,7861,5k-10k,15397,4,Yes,14,3,4,0,10,4,4,1,0,0,0
744,1,44,36-44,No,Non-Travel,381,"Research & Development",24,3,Medical,1,Male,49,1,1,"Laboratory Technician",3,Single,3708,1k-5k,2104,2,No,14,3,3,0,9,5,3,5,2,1,4
746,1,47,45-53,No,"Travel Frequently",217,Sales,3,3,Medical,4,Female,49,3,4,"Sales Executive",3,Divorced,13770,10k-15k,10225,9,Yes,12,3,4,2,28,2,2,22,2,11,13
747,1,30,27-35,No,"Travel Rarely",501,Sales,27,5,Marketing,3,Male,99,3,2,"Sales Executive",4,Divorced,5304,5k-10k,25275,7,No,23,4,4,1,10,2,2,8,7,7,7
749,1,29,27-35,No,"Travel Rarely",1396,Sales,10,3,"Life Sciences",3,Male,99,3,1,"Sales Representative",3,Single,2642,1k-5k,2755,1,No,11,3,3,0,1,6,3,1,0,0,0
752,1,42,36-44,Yes,"Travel Frequently",933,"Research & Development",19,3,Medical,3,Male,57,4,1,"Research Scientist",3,Divorced,2759,1k-5k,20366,6,Yes,12,3,4,0,7,2,3,2,2,2,2
754,1,43,36-44,No,"Travel Frequently",775,Sales,15,3,"Life Sciences",4,Male,47,2,2,"Sales Executive",4,Married,6804,5k-10k,23683,3,No,18,3,3,1,7,5,3,2,2,2,2
757,1,34,27-35,No,"Travel Rarely",970,"Research & Development",8,2,Medical,2,Female,96,3,2,"Healthcare Representative",3,Single,6142,5k-10k,7360,3,No,11,3,4,0,10,2,3,5,1,4,3
758,1,23,18-26,No,"Travel Rarely",650,"Research & Development",9,1,Medical,2,Male,37,3,1,"Laboratory Technician",1,Married,2500,1k-5k,4344,1,No,14,3,4,1,5,2,4,4,3,0,2
760,1,39,36-44,No,"Travel Rarely",141,"Human Resources",3,3,"Human Resources",3,Female,44,4,2,"Human Resources",2,Married,6389,5k-10k,18767,9,No,15,3,3,1,12,3,1,8,3,3,6
762,1,56,54-60,No,"Travel Rarely",832,"Research & Development",9,3,Medical,3,Male,81,3,4,"Healthcare Representative",4,Married,11103,10k-15k,20420,7,No,11,3,3,0,30,1,2,10,7,1,1
763,1,40,36-44,No,"Travel Rarely",804,"Research & Development",2,1,Medical,4,Female,86,2,1,"Research Scientist",4,Single,2342,1k-5k,22929,0,Yes,20,4,4,0,5,2,2,4,2,2,3
764,1,27,27-35,No,"Travel Rarely",975,"Research & Development",7,3,Medical,4,Female,55,2,2,"Healthcare Representative",1,Single,6811,5k-10k,23398,8,No,19,3,1,0,9,2,1,7,6,0,7
766,1,29,27-35,No,"Travel Rarely",1090,Sales,10,3,Marketing,4,Male,83,3,1,"Sales Representative",2,Divorced,2297,1k-5k,17967,1,No,14,3,4,2,2,2,3,2,2,2,2
769,1,53,45-53,No,"Travel Rarely",346,"Research & Development",6,3,"Life Sciences",4,Male,86,3,2,"Laboratory Technician",4,Single,2450,1k-5k,10919,2,No,17,3,4,0,19,4,3,2,2,2,2
771,1,35,27-35,No,Non-Travel,1225,"Research & Development",2,4,"Life Sciences",4,Female,61,3,2,"Healthcare Representative",1,Divorced,5093,5k-10k,4761,2,No,11,3,1,1,16,2,4,1,0,0,0
772,1,32,27-35,No,"Travel Frequently",430,"Research & Development",24,4,"Life Sciences",1,Male,80,3,2,"Laboratory Technician",4,Married,5309,5k-10k,21146,1,No,15,3,4,2,10,2,3,10,8,4,7
773,1,38,36-44,No,"Travel Rarely",268,"Research & Development",2,5,Medical,4,Male,92,3,1,"Research Scientist",3,Married,3057,1k-5k,20471,6,Yes,13,3,2,1,6,0,1,1,0,0,1
775,1,34,27-35,No,"Travel Rarely",167,"Research & Development",8,5,"Life Sciences",2,Female,32,3,2,"Manufacturing Director",1,Divorced,5121,5k-10k,4187,3,No,14,3,3,1,7,3,3,0,0,0,0
776,1,52,45-53,No,"Travel Rarely",621,Sales,3,4,Marketing,3,Male,31,2,4,Manager,1,Married,16856,15k-20k,10084,1,No,11,3,1,0,34,3,4,34,6,1,16
780,1,33,27-35,Yes,"Travel Rarely",527,"Research & Development",1,4,Other,4,Male,63,3,1,"Research Scientist",4,Single,2686,1k-5k,5207,1,Yes,13,3,3,0,10,2,2,10,9,7,8
781,1,25,18-26,No,"Travel Rarely",883,Sales,26,1,Medical,3,Female,32,3,2,"Sales Executive",4,Single,6180,5k-10k,22807,1,No,23,4,2,0,6,5,2,6,5,1,4
783,1,45,45-53,No,"Travel Rarely",954,Sales,2,2,"Technical Degree",2,Male,46,1,2,"Sales Representative",3,Single,6632,5k-10k,12388,0,No,13,3,1,0,9,3,3,8,7,3,1
784,1,23,18-26,No,"Travel Rarely",310,"Research & Development",10,1,Medical,1,Male,79,4,1,"Research Scientist",3,Single,3505,1k-5k,19630,1,No,18,3,4,0,2,3,3,2,2,0,2
785,1,47,45-53,Yes,"Travel Frequently",719,Sales,27,2,"Life Sciences",2,Female,77,4,2,"Sales Executive",3,Single,6397,5k-10k,10339,4,Yes,12,3,4,0,8,2,3,5,4,1,3
786,1,34,27-35,No,"Travel Rarely",304,Sales,2,3,Other,4,Male,60,3,2,"Sales Executive",4,Single,6274,5k-10k,18686,1,No,22,4,3,0,6,5,3,6,5,1,4
787,1,55,54-60,Yes,"Travel Rarely",725,"Research & Development",2,3,Medical,4,Male,78,3,5,Manager,1,Married,19859,15k-20k,21199,5,Yes,13,3,4,1,24,2,3,5,2,1,4
789,1,36,36-44,No,Non-Travel,1434,Sales,8,4,"Life Sciences",1,Male,76,2,3,"Sales Executive",1,Single,7587,5k-10k,14229,1,No,15,3,2,0,10,1,3,10,7,0,9
791,1,52,45-53,No,Non-Travel,715,"Research & Development",19,4,Medical,4,Male,41,3,1,"Research Scientist",4,Married,4258,1k-5k,26589,0,No,18,3,1,1,5,3,3,4,3,1,2
792,1,26,18-26,No,"Travel Frequently",575,"Research & Development",1,2,"Life Sciences",1,Female,71,1,1,"Laboratory Technician",4,Divorced,4364,1k-5k,5288,3,No,14,3,1,1,5,2,3,2,2,2,0
793,1,29,27-35,No,"Travel Rarely",657,"Research & Development",27,3,Medical,2,Female,66,3,2,"Healthcare Representative",3,Married,4335,1k-5k,25549,4,No,12,3,1,1,11,3,2,8,7,1,1
796,1,26,18-26,Yes,"Travel Rarely",1146,Sales,8,3,"Technical Degree",4,Male,38,2,2,"Sales Executive",1,Single,5326,5k-10k,3064,6,No,17,3,3,0,6,2,2,4,3,1,2
797,1,34,27-35,No,"Travel Rarely",182,"Research & Development",1,4,"Life Sciences",2,Female,72,4,1,"Research Scientist",4,Single,3280,1k-5k,13551,2,No,16,3,3,0,10,2,3,4,2,1,3
799,1,54,54-60,No,"Travel Rarely",376,"Research & Development",19,4,Medical,4,Female,95,3,2,"Manufacturing Director",1,Divorced,5485,5k-10k,22670,9,Yes,11,3,2,2,9,4,3,5,3,1,4
800,1,27,27-35,No,"Travel Frequently",829,Sales,8,1,Marketing,3,Male,84,3,2,"Sales Executive",4,Married,4342,1k-5k,24008,0,No,19,3,2,1,5,3,3,4,2,1,1
802,1,37,36-44,No,"Travel Rarely",571,"Research & Development",10,1,"Life Sciences",4,Female,82,3,1,"Research Scientist",1,Divorced,2782,1k-5k,19905,0,Yes,13,3,2,2,6,3,2,5,3,4,3
803,1,38,36-44,No,"Travel Frequently",240,"Research & Development",2,4,"Life Sciences",1,Female,75,4,2,"Manufacturing Director",1,Single,5980,5k-10k,26085,6,Yes,12,3,4,0,17,2,3,15,7,4,12
804,1,34,27-35,No,"Travel Rarely",121,"Research & Development",2,4,Medical,3,Female,86,2,1,"Research Scientist",1,Single,4381,1k-5k,7530,1,No,11,3,3,0,6,3,3,6,5,1,3
805,1,35,27-35,No,"Travel Rarely",384,Sales,8,4,"Life Sciences",1,Female,72,3,1,"Sales Representative",4,Married,2572,1k-5k,20317,1,No,16,3,2,1,3,1,2,3,2,0,2
806,1,30,27-35,No,"Travel Rarely",921,"Research & Development",1,3,"Life Sciences",4,Male,38,1,1,"Laboratory Technician",3,Married,3833,1k-5k,24375,3,No,21,4,3,2,7,2,3,2,2,0,2
807,1,40,36-44,No,"Travel Frequently",791,"Research & Development",2,2,Medical,3,Female,38,4,2,"Healthcare Representative",2,Married,4244,1k-5k,9931,1,No,24,4,4,1,8,2,3,8,7,3,7
808,1,34,27-35,No,"Travel Rarely",1111,Sales,8,2,"Life Sciences",3,Female,93,3,2,"Sales Executive",1,Married,6500,5k-10k,13305,5,No,17,3,2,1,6,1,3,3,2,1,2
809,1,42,36-44,No,"Travel Frequently",570,"Research & Development",8,3,"Life Sciences",2,Male,66,3,5,Manager,4,Divorced,18430,15k-20k,16225,1,No,13,3,2,1,24,4,2,24,7,14,9
811,1,23,18-26,Yes,"Travel Rarely",1243,"Research & Development",6,3,"Life Sciences",3,Male,63,4,1,"Laboratory Technician",1,Married,1601,1k-5k,3445,1,Yes,21,4,3,2,1,2,3,0,0,0,0
812,1,24,18-26,No,Non-Travel,1092,"Research & Development",9,3,"Life Sciences",3,Male,60,2,1,"Laboratory Technician",2,Divorced,2694,1k-5k,26551,1,No,11,3,3,3,1,4,3,1,0,0,0
813,1,52,45-53,No,"Travel Rarely",1325,"Research & Development",11,4,"Life Sciences",4,Female,82,3,2,"Laboratory Technician",3,Married,3149,1k-5k,21821,8,No,20,4,2,1,9,3,3,5,2,1,4
815,1,50,45-53,No,"Travel Rarely",691,"Research & Development",2,3,Medical,3,Male,64,3,4,"Research Director",3,Married,17639,15k-20k,6881,5,No,16,3,4,0,30,3,3,4,3,0,3
816,1,29,27-35,Yes,"Travel Rarely",805,"Research & Development",1,2,"Life Sciences",2,Female,36,2,1,"Laboratory Technician",1,Married,2319,1k-5k,6689,1,Yes,11,3,4,1,1,1,3,1,0,0,0
817,1,33,27-35,No,"Travel Rarely",213,"Research & Development",7,3,Medical,3,Male,49,3,3,"Research Director",3,Married,11691,10k-15k,25995,0,No,11,3,4,0,14,3,4,13,9,3,7
819,1,33,27-35,Yes,"Travel Rarely",118,Sales,16,3,Marketing,1,Female,69,3,2,"Sales Executive",1,Single,5324,5k-10k,26507,5,No,15,3,3,0,6,3,3,3,2,0,2
820,1,47,45-53,No,"Travel Rarely",202,"Research & Development",2,2,Other,3,Female,33,3,4,Manager,4,Married,16752,15k-20k,12982,1,Yes,11,3,3,1,26,3,2,26,14,3,0
823,1,36,36-44,No,"Travel Rarely",676,"Research & Development",1,3,Other,3,Female,35,3,2,"Manufacturing Director",2,Married,5228,5k-10k,23361,0,No,15,3,1,1,10,2,3,9,7,0,5
824,1,29,27-35,No,"Travel Rarely",1252,"Research & Development",23,2,"Life Sciences",3,Male,81,4,1,"Research Scientist",3,Married,2700,1k-5k,23779,1,No,24,4,3,1,10,3,3,10,7,0,7
825,1,58,54-60,Yes,"Travel Rarely",286,"Research & Development",2,4,"Life Sciences",4,Male,31,3,5,"Research Director",2,Single,19246,15k-20k,25761,7,Yes,12,3,4,0,40,2,3,31,15,13,8
826,1,35,27-35,No,"Travel Rarely",1258,"Research & Development",1,4,"Life Sciences",4,Female,40,4,1,"Research Scientist",3,Single,2506,1k-5k,13301,3,No,13,3,3,0,7,0,3,2,2,2,2
827,1,42,36-44,No,"Travel Rarely",932,"Research & Development",1,2,"Life Sciences",4,Female,43,2,2,"Manufacturing Director",4,Married,6062,5k-10k,4051,9,Yes,13,3,4,1,8,4,3,4,3,0,2
828,1,28,27-35,Yes,"Travel Rarely",890,"Research & Development",2,4,Medical,3,Male,46,3,1,"Research Scientist",3,Single,4382,1k-5k,16374,6,No,17,3,4,0,5,3,2,2,2,2,1
829,1,36,36-44,No,"Travel Rarely",1041,"Human Resources",13,3,"Human Resources",3,Male,36,3,1,"Human Resources",2,Married,2143,1k-5k,25527,4,No,13,3,2,1,8,2,3,5,2,0,4
830,1,32,27-35,No,"Travel Rarely",859,"Research & Development",4,3,"Life Sciences",3,Female,98,2,2,"Manufacturing Director",3,Married,6162,5k-10k,19124,1,No,12,3,3,1,14,3,3,14,13,6,8
832,1,40,36-44,No,"Travel Frequently",720,"Research & Development",16,4,Medical,1,Male,51,2,2,"Laboratory Technician",3,Single,5094,5k-10k,11983,6,No,14,3,4,0,10,6,3,1,0,0,0
833,1,30,27-35,No,"Travel Rarely",946,"Research & Development",2,3,Medical,3,Female,52,2,2,"Manufacturing Director",4,Single,6877,5k-10k,20234,5,Yes,24,4,2,0,12,4,2,0,0,0,0
834,1,45,45-53,No,"Travel Rarely",252,"Research & Development",2,3,"Life Sciences",2,Female,95,2,1,"Research Scientist",3,Single,2274,1k-5k,6153,1,No,14,3,4,0,1,3,3,1,0,0,0
836,1,42,36-44,No,"Travel Rarely",933,"Research & Development",29,3,"Life Sciences",2,Male,98,3,2,"Manufacturing Director",2,Married,4434,1k-5k,11806,1,No,13,3,4,1,10,3,2,9,8,7,8
837,1,38,36-44,No,"Travel Frequently",471,"Research & Development",12,3,"Life Sciences",1,Male,45,2,2,"Healthcare Representative",1,Divorced,6288,5k-10k,4284,2,No,15,3,3,1,13,3,2,4,3,1,2
838,1,34,27-35,No,"Travel Frequently",702,"Research & Development",16,4,"Life Sciences",3,Female,100,2,1,"Research Scientist",4,Single,2553,1k-5k,8306,1,No,16,3,3,0,6,3,3,5,2,1,3
840,1,49,45-53,Yes,"Travel Rarely",1184,Sales,11,3,Marketing,3,Female,43,3,3,"Sales Executive",4,Married,7654,5k-10k,5860,1,No,18,3,1,2,9,3,4,9,8,7,7
842,1,55,54-60,Yes,"Travel Rarely",436,Sales,2,1,Medical,3,Male,37,3,2,"Sales Executive",4,Single,5160,5k-10k,21519,4,No,16,3,3,0,12,3,2,9,7,7,3
843,1,43,36-44,No,"Travel Rarely",589,"Research & Development",14,2,"Life Sciences",2,Male,94,3,4,"Research Director",1,Married,17159,15k-20k,5200,6,No,24,4,3,1,22,3,3,4,1,1,0
844,1,27,27-35,No,"Travel Rarely",269,"Research & Development",5,1,"Technical Degree",3,Male,42,2,3,"Research Director",4,Divorced,12808,10k-15k,8842,1,Yes,16,3,2,1,9,3,3,9,8,0,8
845,1,35,27-35,No,"Travel Rarely",950,"Research & Development",7,3,Other,3,Male,59,3,3,"Manufacturing Director",3,Single,10221,10k-15k,18869,3,No,21,4,2,0,17,3,4,8,5,1,6
846,1,28,27-35,No,"Travel Rarely",760,Sales,2,4,Marketing,2,Female,81,3,2,"Sales Executive",2,Married,4779,1k-5k,3698,1,Yes,20,4,1,0,8,2,3,8,7,7,5
847,1,34,27-35,No,"Travel Rarely",829,"Human Resources",3,2,"Human Resources",3,Male,88,3,1,"Human Resources",4,Married,3737,1k-5k,2243,0,No,19,3,3,1,4,1,1,3,2,0,2
848,1,26,18-26,Yes,"Travel Frequently",887,"Research & Development",5,2,Medical,3,Female,88,2,1,"Research Scientist",3,Married,2366,1k-5k,20898,1,Yes,14,3,1,1,8,2,3,8,7,1,7
850,1,27,27-35,No,Non-Travel,443,"Research & Development",3,3,Medical,4,Male,50,3,1,"Research Scientist",4,Married,1706,1k-5k,16571,1,No,11,3,3,3,0,6,2,0,0,0,0
851,1,51,45-53,No,"Travel Rarely",1318,Sales,26,4,Marketing,1,Female,66,3,4,Manager,3,Married,16307,15k-20k,5594,2,No,14,3,3,1,29,2,2,20,6,4,17
852,1,44,36-44,No,"Travel Rarely",625,"Research & Development",4,3,Medical,4,Male,50,3,2,"Healthcare Representative",2,Single,5933,5k-10k,5197,9,No,12,3,4,0,10,2,2,5,2,2,3
854,1,25,18-26,No,"Travel Rarely",180,"Research & Development",2,1,Medical,1,Male,65,4,1,"Research Scientist",1,Single,3424,1k-5k,21632,7,No,13,3,3,0,6,3,2,4,3,0,1
855,1,33,27-35,No,"Travel Rarely",586,Sales,1,3,Medical,1,Male,48,4,2,"Sales Executive",1,Divorced,4037,1k-5k,21816,1,No,22,4,1,1,9,5,3,9,8,0,8
856,1,35,27-35,No,"Travel Rarely",1343,"Research & Development",27,1,Medical,3,Female,53,2,1,"Research Scientist",1,Single,2559,1k-5k,17852,1,No,11,3,4,0,6,3,2,6,5,1,1
857,1,36,36-44,No,"Travel Rarely",928,Sales,1,2,"Life Sciences",2,Male,56,3,2,"Sales Executive",4,Married,6201,5k-10k,2823,1,Yes,14,3,4,1,18,1,2,18,14,4,11
859,1,32,27-35,No,"Travel Rarely",117,Sales,13,4,"Life Sciences",2,Male,73,3,2,"Sales Executive",4,Divorced,4403,1k-5k,9250,2,No,11,3,3,1,8,3,2,5,2,0,3
861,1,30,27-35,No,"Travel Frequently",1012,"Research & Development",5,4,"Life Sciences",2,Male,75,2,1,"Research Scientist",4,Divorced,3761,1k-5k,2373,9,No,12,3,2,1,10,3,2,5,4,0,3
862,1,53,45-53,No,"Travel Rarely",661,Sales,7,2,Marketing,1,Female,78,2,3,"Sales Executive",4,Married,10934,10k-15k,20715,7,Yes,18,3,4,1,35,3,3,5,2,0,4
864,1,45,45-53,No,"Travel Rarely",930,Sales,9,3,Marketing,4,Male,74,3,3,"Sales Executive",1,Divorced,10761,10k-15k,19239,4,Yes,12,3,3,1,18,2,3,5,4,0,2
865,1,32,27-35,No,"Travel Rarely",638,"Research & Development",8,2,Medical,3,Female,91,4,2,"Research Scientist",3,Married,5175,5k-10k,22162,5,No,12,3,3,1,9,3,2,5,3,1,3
867,1,52,45-53,No,"Travel Frequently",890,"Research & Development",25,4,Medical,3,Female,81,2,4,"Manufacturing Director",4,Married,13826,10k-15k,19028,3,No,22,4,3,0,31,3,3,9,8,0,0
868,1,37,36-44,No,"Travel Rarely",342,Sales,16,4,Marketing,4,Male,66,2,2,"Sales Executive",3,Divorced,6334,5k-10k,24558,4,No,19,3,4,2,9,2,3,1,0,0,0
869,1,28,27-35,No,"Travel Rarely",1169,"Human Resources",8,2,Medical,2,Male,63,2,1,"Human Resources",4,Divorced,4936,1k-5k,23965,1,No,13,3,4,1,6,6,3,5,1,0,4
872,1,22,18-26,No,"Travel Rarely",1230,"Research & Development",1,2,"Life Sciences",4,Male,33,2,2,"Manufacturing Director",4,Married,4775,1k-5k,19146,6,No,22,4,1,2,4,2,1,2,2,2,2
874,1,44,36-44,No,"Travel Rarely",986,"Research & Development",8,4,"Life Sciences",1,Male,62,4,1,"Laboratory Technician",4,Married,2818,1k-5k,5044,2,Yes,24,4,3,1,10,2,2,3,2,0,2
875,1,42,36-44,No,"Travel Frequently",1271,"Research & Development",2,1,Medical,2,Male,35,3,1,"Research Scientist",4,Single,2515,1k-5k,9068,5,Yes,14,3,4,0,8,2,3,2,1,2,2
878,1,36,36-44,No,"Travel Rarely",1278,"Human Resources",8,3,"Life Sciences",1,Male,77,2,1,"Human Resources",1,Married,2342,1k-5k,8635,0,No,21,4,3,0,6,3,3,5,4,0,3
879,1,25,18-26,No,"Travel Rarely",141,Sales,3,1,Other,3,Male,98,3,2,"Sales Executive",1,Married,4194,1k-5k,14363,1,Yes,18,3,4,0,5,3,3,5,3,0,3
880,1,35,27-35,No,"Travel Rarely",607,"Research & Development",9,3,"Life Sciences",4,Female,66,2,3,"Manufacturing Director",3,Married,10685,10k-15k,23457,1,Yes,20,4,2,1,17,2,3,17,14,5,15
881,1,35,27-35,Yes,"Travel Frequently",130,"Research & Development",25,4,"Life Sciences",4,Female,96,3,1,"Research Scientist",2,Divorced,2022,1k-5k,16612,1,Yes,19,3,1,1,10,3,2,10,2,7,8
882,1,32,27-35,No,Non-Travel,300,"Research & Development",1,3,"Life Sciences",4,Male,61,3,1,"Laboratory Technician",4,Divorced,2314,1k-5k,9148,0,No,12,3,2,1,4,2,3,3,0,0,2
885,1,25,18-26,No,"Travel Rarely",583,Sales,4,1,Marketing,3,Male,87,2,2,"Sales Executive",1,Married,4256,1k-5k,18154,1,No,12,3,1,0,5,1,4,5,2,0,3
887,1,49,45-53,No,"Travel Rarely",1418,"Research & Development",1,3,"Technical Degree",3,Female,36,3,1,"Research Scientist",1,Married,3580,1k-5k,10554,2,No,16,3,2,1,7,2,3,4,2,0,2
888,1,24,18-26,No,Non-Travel,1269,"Research & Development",4,1,"Life Sciences",1,Male,46,2,1,"Laboratory Technician",4,Married,3162,1k-5k,10778,0,No,17,3,4,0,6,2,2,5,2,3,4
889,1,32,27-35,No,"Travel Frequently",379,Sales,5,2,"Life Sciences",2,Male,48,3,2,"Sales Executive",2,Married,6524,5k-10k,8891,1,No,14,3,4,1,10,3,3,10,8,5,3
893,1,38,36-44,No,"Travel Rarely",395,Sales,9,3,Marketing,2,Male,98,2,1,"Sales Representative",2,Married,2899,1k-5k,12102,0,No,19,3,4,1,3,3,3,2,2,1,2
894,1,42,36-44,No,"Travel Rarely",1265,"Research & Development",3,3,"Life Sciences",3,Female,95,4,2,"Laboratory Technician",4,Married,5231,5k-10k,23726,2,Yes,13,3,2,1,17,1,2,5,3,1,3
895,1,31,27-35,No,"Travel Rarely",1222,"Research & Development",11,4,"Life Sciences",4,Male,48,3,1,"Research Scientist",4,Married,2356,1k-5k,14871,3,Yes,19,3,2,1,8,2,3,6,4,0,2
896,1,29,27-35,Yes,"Travel Rarely",341,Sales,1,3,Medical,2,Female,48,2,1,"Sales Representative",3,Divorced,2800,1k-5k,23522,6,Yes,19,3,3,3,5,3,3,3,2,0,2
897,1,53,45-53,No,"Travel Rarely",868,Sales,8,3,Marketing,1,Male,73,3,4,"Sales Executive",4,Married,11836,10k-15k,22789,5,No,14,3,3,1,28,3,3,2,0,2,2
899,1,35,27-35,No,"Travel Rarely",672,"Research & Development",25,3,"Technical Degree",4,Male,78,2,3,"Manufacturing Director",2,Married,10903,10k-15k,9129,3,No,16,3,1,0,16,2,3,13,10,4,8
900,1,37,36-44,No,"Travel Frequently",1231,Sales,21,2,Medical,3,Female,54,3,1,"Sales Representative",4,Married,2973,1k-5k,21222,5,No,15,3,2,1,10,3,3,5,4,0,0
901,1,53,45-53,No,"Travel Rarely",102,"Research & Development",23,4,"Life Sciences",4,Female,72,3,4,"Research Director",4,Single,14275,10k-15k,20206,6,No,18,3,3,0,33,0,3,12,9,3,8
902,1,43,36-44,No,"Travel Frequently",422,"Research & Development",1,3,"Life Sciences",4,Female,33,3,2,"Healthcare Representative",4,Married,5562,5k-10k,21782,4,No,13,3,2,1,12,2,2,5,2,2,2
903,1,47,45-53,No,"Travel Rarely",249,Sales,2,2,Marketing,3,Female,35,3,2,"Sales Executive",4,Married,4537,1k-5k,17783,0,Yes,22,4,1,1,8,2,3,7,6,7,7
904,1,37,36-44,No,Non-Travel,1252,Sales,19,2,Medical,1,Male,32,3,3,"Sales Executive",2,Single,7642,5k-10k,4814,1,Yes,13,3,4,0,10,2,3,10,0,0,9
905,1,50,45-53,No,Non-Travel,881,"Research & Development",2,4,"Life Sciences",1,Male,98,3,4,Manager,1,Divorced,17924,15k-20k,4544,1,No,11,3,4,1,31,3,3,31,6,14,7
909,1,39,36-44,No,"Travel Rarely",1383,"Human Resources",2,3,"Life Sciences",4,Female,42,2,2,"Human Resources",4,Married,5204,5k-10k,7790,8,No,11,3,3,2,13,2,3,5,4,0,4
910,1,33,27-35,No,"Travel Rarely",1075,"Human Resources",3,2,"Human Resources",4,Male,57,3,1,"Human Resources",2,Divorced,2277,1k-5k,22650,3,Yes,11,3,3,1,7,4,4,4,3,0,3
911,1,32,27-35,Yes,"Travel Rarely",374,"Research & Development",25,4,"Life Sciences",1,Male,87,3,1,"Laboratory Technician",4,Single,2795,1k-5k,18016,1,Yes,24,4,3,0,1,2,1,1,0,0,1
912,1,29,27-35,No,"Travel Rarely",1086,"Research & Development",7,1,Medical,1,Female,62,2,1,"Laboratory Technician",4,Divorced,2532,1k-5k,6054,6,No,14,3,3,3,8,5,3,4,3,0,3
913,1,44,36-44,No,"Travel Rarely",661,"Research & Development",9,2,"Life Sciences",2,Male,61,3,1,"Research Scientist",1,Married,2559,1k-5k,7508,1,Yes,13,3,4,0,8,0,3,8,7,7,1
916,1,28,27-35,No,"Travel Rarely",821,Sales,5,4,Medical,1,Male,98,3,2,"Sales Executive",4,Single,4908,1k-5k,24252,1,No,14,3,2,0,4,3,3,4,2,0,2
918,1,58,54-60,Yes,"Travel Frequently",781,"Research & Development",2,1,"Life Sciences",4,Male,57,2,1,"Laboratory Technician",4,Divorced,2380,1k-5k,13384,9,Yes,14,3,4,1,3,3,2,1,0,0,0
920,1,43,36-44,No,"Travel Rarely",177,"Research & Development",8,3,"Life Sciences",1,Female,55,3,2,"Manufacturing Director",2,Divorced,4765,1k-5k,23814,4,No,21,4,3,1,4,2,4,1,0,0,0
922,1,20,18-26,Yes,"Travel Rarely",500,Sales,2,3,Medical,3,Female,49,2,1,"Sales Representative",3,Single,2044,1k-5k,22052,1,No,13,3,4,0,2,3,2,2,2,0,2
923,1,21,18-26,Yes,"Travel Rarely",1427,"Research & Development",18,1,Other,4,Female,65,3,1,"Research Scientist",4,Single,2693,1k-5k,8870,1,No,19,3,1,0,1,3,2,1,0,0,0
924,1,36,36-44,No,"Travel Rarely",1425,"Research & Development",14,1,"Life Sciences",3,Male,68,3,2,"Healthcare Representative",4,Married,6586,5k-10k,4821,0,Yes,17,3,1,1,17,2,2,16,8,4,11
925,1,47,45-53,No,"Travel Rarely",1454,Sales,2,4,"Life Sciences",4,Female,65,2,1,"Sales Representative",4,Single,3294,1k-5k,13137,1,Yes,18,3,1,0,3,3,2,3,2,1,2
926,1,22,18-26,Yes,"Travel Rarely",617,"Research & Development",3,1,"Life Sciences",2,Female,34,3,2,"Manufacturing Director",3,Married,4171,1k-5k,10022,0,Yes,19,3,1,1,4,3,4,3,2,0,2
927,1,41,36-44,Yes,"Travel Rarely",1085,"Research & Development",2,4,"Life Sciences",2,Female,57,1,1,"Laboratory Technician",4,Divorced,2778,1k-5k,17725,4,Yes,13,3,3,1,10,1,2,7,7,1,0
930,1,28,27-35,No,"Travel Rarely",995,"Research & Development",9,3,Medical,3,Female,77,3,1,"Research Scientist",3,Divorced,2377,1k-5k,9834,5,No,18,3,2,1,6,2,3,2,2,2,2
932,1,39,36-44,Yes,"Travel Rarely",1122,"Research & Development",6,3,Medical,4,Male,70,3,1,"Laboratory Technician",1,Married,2404,1k-5k,4303,7,Yes,21,4,4,0,8,2,1,2,2,2,2
933,1,27,27-35,No,"Travel Rarely",618,"Research & Development",4,3,"Life Sciences",2,Female,76,3,1,"Research Scientist",3,Single,2318,1k-5k,17808,1,No,19,3,3,0,1,2,3,1,1,0,0
934,1,34,27-35,No,"Travel Rarely",546,"Research & Development",10,3,"Life Sciences",2,Male,83,3,1,"Laboratory Technician",2,Divorced,2008,1k-5k,6896,1,No,14,3,2,2,1,3,3,1,0,1,0
936,1,42,36-44,No,"Travel Rarely",462,Sales,14,2,Medical,3,Female,68,2,2,"Sales Executive",3,Single,6244,5k-10k,7824,7,No,17,3,1,0,10,6,3,5,4,0,3
939,1,33,27-35,No,"Travel Rarely",1198,"Research & Development",1,4,Other,3,Male,100,2,1,"Research Scientist",1,Single,2799,1k-5k,3339,3,Yes,11,3,2,0,6,1,3,3,2,0,2
940,1,58,54-60,No,"Travel Rarely",1272,"Research & Development",5,3,"Technical Degree",3,Female,37,2,3,"Healthcare Representative",2,Divorced,10552,10k-15k,9255,2,Yes,13,3,4,1,24,3,3,6,0,0,4
941,1,31,27-35,No,"Travel Rarely",154,Sales,7,4,"Life Sciences",2,Male,41,2,1,"Sales Representative",3,Married,2329,1k-5k,11737,3,No,15,3,2,0,13,2,4,7,7,5,2
942,1,35,27-35,No,"Travel Rarely",1137,"Research & Development",21,1,"Life Sciences",4,Female,51,3,2,"Healthcare Representative",4,Married,4014,1k-5k,19170,1,Yes,25,4,4,1,10,2,1,10,6,0,7
944,1,49,45-53,No,"Travel Rarely",527,"Research & Development",8,2,Other,1,Female,51,3,3,"Laboratory Technician",2,Married,7403,5k-10k,22477,4,No,11,3,3,1,29,3,2,26,9,1,7
945,1,48,45-53,No,"Travel Rarely",1469,"Research & Development",20,4,Medical,4,Male,51,3,1,"Research Scientist",3,Married,2259,1k-5k,5543,4,No,17,3,1,2,13,2,2,0,0,0,0
947,1,31,27-35,No,Non-Travel,1188,Sales,20,2,Marketing,4,Female,45,3,2,"Sales Executive",3,Married,6932,5k-10k,24406,1,No,13,3,4,1,9,2,2,9,8,0,0
949,1,36,36-44,No,"Travel Rarely",188,"Research & Development",7,4,Other,2,Male,65,3,1,"Research Scientist",4,Single,4678,1k-5k,23293,2,No,18,3,3,0,8,6,3,6,2,0,1
950,1,38,36-44,No,"Travel Rarely",1333,"Research & Development",1,3,"Technical Degree",4,Female,80,3,3,"Research Director",1,Married,13582,10k-15k,16292,1,No,13,3,2,1,15,3,3,15,12,5,11
951,1,32,27-35,No,Non-Travel,1184,"Research & Development",1,3,"Life Sciences",3,Female,70,2,1,"Laboratory Technician",2,Married,2332,1k-5k,3974,6,No,20,4,3,0,5,3,3,3,0,0,2
952,1,25,18-26,Yes,"Travel Rarely",867,Sales,19,2,Marketing,3,Male,36,2,1,"Sales Representative",2,Married,2413,1k-5k,18798,1,Yes,18,3,3,3,1,2,3,1,0,0,0
954,1,40,36-44,No,"Travel Rarely",658,Sales,10,4,Marketing,1,Male,67,2,3,"Sales Executive",2,Divorced,9705,5k-10k,20652,2,No,12,3,2,1,11,2,2,1,0,0,0
956,1,26,18-26,No,"Travel Frequently",1283,Sales,1,3,Medical,3,Male,52,2,2,"Sales Executive",1,Single,4294,1k-5k,11148,1,No,12,3,2,0,7,2,3,7,7,0,7
957,1,41,36-44,No,"Travel Rarely",263,"Research & Development",6,3,Medical,4,Male,59,3,1,"Laboratory Technician",1,Single,4721,1k-5k,3119,2,Yes,13,3,3,0,20,3,3,18,13,2,17
958,1,36,36-44,No,"Travel Rarely",938,"Research & Development",2,4,Medical,3,Male,79,3,1,"Laboratory Technician",3,Single,2519,1k-5k,12287,4,No,21,4,3,0,16,6,3,11,8,3,9
959,1,19,18-26,Yes,"Travel Rarely",419,Sales,21,3,Other,4,Male,37,2,1,"Sales Representative",2,Single,2121,1k-5k,9947,1,Yes,13,3,2,0,1,3,4,1,0,0,0
960,1,20,18-26,Yes,"Travel Rarely",129,"Research & Development",4,3,"Technical Degree",1,Male,84,3,1,"Laboratory Technician",1,Single,2973,1k-5k,13008,1,No,19,3,2,0,1,2,3,1,0,0,0
961,1,31,27-35,No,"Travel Rarely",616,"Research & Development",12,3,Medical,4,Female,41,3,2,"Healthcare Representative",4,Married,5855,5k-10k,17369,0,Yes,11,3,3,2,10,2,1,9,7,8,5
964,1,40,36-44,No,"Travel Frequently",1469,"Research & Development",9,4,Medical,4,Male,35,3,1,"Research Scientist",2,Divorced,3617,1k-5k,25063,8,Yes,14,3,4,1,3,2,3,1,1,0,0
966,1,32,27-35,No,"Travel Rarely",498,"Research & Development",3,4,Medical,3,Female,93,3,2,"Manufacturing Director",1,Married,6725,5k-10k,13554,1,No,12,3,3,1,8,2,4,8,7,6,3
967,1,36,36-44,Yes,"Travel Rarely",530,Sales,3,1,"Life Sciences",3,Male,51,2,3,"Sales Executive",4,Married,10325,10k-15k,5518,1,Yes,11,3,1,1,16,6,3,16,7,3,7
969,1,33,27-35,No,"Travel Rarely",1069,"Research & Development",1,3,"Life Sciences",2,Female,42,2,2,"Healthcare Representative",4,Single,6949,5k-10k,12291,0,No,14,3,1,0,6,3,3,5,0,1,4
970,1,37,36-44,Yes,"Travel Rarely",625,Sales,1,4,"Life Sciences",1,Male,46,2,3,"Sales Executive",3,Married,10609,10k-15k,14922,5,No,11,3,3,0,17,2,1,14,1,11,7
972,1,45,45-53,No,Non-Travel,805,"Research & Development",4,2,"Life Sciences",3,Male,57,3,2,"Laboratory Technician",2,Married,4447,1k-5k,23163,1,No,12,3,2,0,9,5,2,9,7,0,8
974,1,29,27-35,No,"Travel Frequently",1404,Sales,20,3,"Technical Degree",3,Female,84,3,1,"Sales Representative",4,Married,2157,1k-5k,18203,1,No,15,3,2,1,3,5,3,3,1,0,2
975,1,35,27-35,No,"Travel Rarely",1219,Sales,18,3,Medical,3,Female,86,3,2,"Sales Executive",3,Married,4601,1k-5k,6179,1,No,16,3,2,0,5,3,3,5,2,1,0
976,1,52,45-53,No,"Travel Rarely",1053,"Research & Development",1,2,"Life Sciences",4,Male,70,3,4,Manager,4,Married,17099,15k-20k,13829,2,No,15,3,2,1,26,2,2,9,8,7,8
977,1,58,54-60,Yes,"Travel Rarely",289,"Research & Development",2,3,"Technical Degree",4,Male,51,3,1,"Research Scientist",3,Single,2479,1k-5k,26227,4,No,24,4,1,0,7,4,3,1,0,0,0
981,1,53,45-53,No,"Travel Rarely",1376,Sales,2,2,Medical,3,Male,45,3,4,Manager,3,Divorced,14852,10k-15k,13938,6,No,13,3,3,1,22,3,4,17,13,15,2
982,1,30,27-35,No,"Travel Rarely",231,Sales,8,2,Other,3,Male,62,3,3,"Sales Executive",3,Divorced,7264,5k-10k,9977,5,No,11,3,1,1,10,2,4,8,4,7,7
983,1,38,36-44,No,Non-Travel,152,Sales,10,3,"Technical Degree",3,Female,85,3,2,"Sales Executive",4,Single,5666,5k-10k,19899,1,Yes,13,3,2,0,6,1,3,5,3,1,3
984,1,35,27-35,No,"Travel Rarely",882,Sales,3,4,"Life Sciences",4,Male,92,3,3,"Sales Executive",4,Divorced,7823,5k-10k,6812,6,No,13,3,2,1,12,2,3,10,9,0,8
985,1,39,36-44,No,"Travel Rarely",903,Sales,2,5,"Life Sciences",1,Male,41,4,3,"Sales Executive",3,Single,7880,5k-10k,2560,0,No,18,3,4,0,9,3,3,8,7,0,7
986,1,40,36-44,Yes,Non-Travel,1479,Sales,24,3,"Life Sciences",2,Female,100,4,4,"Sales Executive",2,Single,13194,10k-15k,17071,4,Yes,16,3,4,0,22,2,2,1,0,0,0
987,1,47,45-53,No,"Travel Frequently",1379,"Research & Development",16,4,Medical,3,Male,64,4,2,"Manufacturing Director",3,Divorced,5067,5k-10k,6759,1,Yes,19,3,3,0,20,3,4,19,10,2,7
990,1,36,36-44,No,Non-Travel,1229,Sales,8,4,"Technical Degree",1,Male,84,3,2,"Sales Executive",4,Divorced,5079,5k-10k,25952,4,No,13,3,4,2,12,3,3,7,7,0,7
991,1,31,27-35,Yes,Non-Travel,335,"Research & Development",9,2,Medical,3,Male,46,2,1,"Research Scientist",1,Single,2321,1k-5k,10322,0,Yes,22,4,1,0,4,0,3,3,2,1,2
992,1,33,27-35,No,Non-Travel,722,Sales,17,3,"Life Sciences",4,Male,38,3,4,Manager,3,Single,17444,15k-20k,20489,1,No,11,3,4,0,10,2,3,10,8,6,0
994,1,29,27-35,Yes,"Travel Rarely",906,"Research & Development",10,3,"Life Sciences",4,Female,92,2,1,"Research Scientist",1,Single,2404,1k-5k,11479,6,Yes,20,4,3,0,3,5,3,0,0,0,0
995,1,33,27-35,No,"Travel Rarely",461,"Research & Development",13,1,"Life Sciences",2,Female,53,3,1,"Research Scientist",4,Single,3452,1k-5k,17241,3,No,18,3,1,0,5,4,3,3,2,0,2
996,1,45,45-53,No,"Travel Rarely",974,"Research & Development",1,4,Medical,4,Female,91,3,1,"Laboratory Technician",4,Divorced,2270,1k-5k,11005,3,No,14,3,4,2,8,2,3,5,3,0,2
997,1,50,45-53,No,"Travel Rarely",1126,"Research & Development",1,2,Medical,4,Male,66,3,4,"Research Director",4,Divorced,17399,15k-20k,6615,9,No,22,4,3,1,32,1,2,5,4,1,3
998,1,33,27-35,No,"Travel Frequently",827,"Research & Development",1,4,Other,3,Female,84,4,2,"Healthcare Representative",2,Married,5488,5k-10k,20161,1,Yes,13,3,1,1,6,2,3,6,5,1,2
999,1,41,36-44,No,"Travel Frequently",840,"Research & Development",9,3,Medical,1,Male,64,3,5,"Research Director",3,Divorced,19419,15k-20k,3735,2,No,17,3,2,1,21,2,4,18,16,0,11
1001,1,27,27-35,No,"Travel Rarely",1134,"Research & Development",16,4,"Technical Degree",3,Female,37,3,1,"Laboratory Technician",2,Married,2811,1k-5k,12086,9,No,14,3,2,1,4,2,3,2,2,2,2
1002,1,45,45-53,No,Non-Travel,248,"Research & Development",23,2,"Life Sciences",4,Male,42,3,2,"Laboratory Technician",1,Married,3633,1k-5k,14039,1,Yes,15,3,3,1,9,2,3,9,8,0,8
1003,1,47,45-53,No,"Travel Rarely",955,Sales,4,2,"Life Sciences",4,Female,83,3,2,"Sales Executive",4,Single,4163,1k-5k,8571,1,Yes,17,3,3,0,9,0,3,9,0,0,7
1004,1,30,27-35,Yes,"Travel Rarely",138,"Research & Development",22,3,"Life Sciences",1,Female,48,3,1,"Research Scientist",3,Married,2132,1k-5k,11539,4,Yes,11,3,2,0,7,2,3,5,2,0,1
1005,1,50,45-53,No,"Travel Rarely",939,"Research & Development",24,3,"Life Sciences",4,Male,95,3,4,"Manufacturing Director",3,Married,13973,10k-15k,4161,3,Yes,18,3,4,1,22,2,3,12,11,1,5
1006,1,38,36-44,No,"Travel Frequently",1391,"Research & Development",10,1,Medical,3,Male,66,3,1,"Research Scientist",3,Married,2684,1k-5k,12127,0,No,17,3,2,1,3,0,2,2,1,0,2
1007,1,46,45-53,No,"Travel Rarely",566,"Research & Development",7,2,Medical,4,Male,75,3,3,"Manufacturing Director",3,Divorced,10845,10k-15k,24208,6,No,13,3,2,1,13,3,3,8,7,0,7
1009,1,24,18-26,No,"Travel Rarely",1206,"Research & Development",17,1,Medical,4,Female,41,2,2,"Manufacturing Director",3,Divorced,4377,1k-5k,24117,1,No,15,3,2,2,5,6,3,4,2,3,2
1010,1,35,27-35,Yes,"Travel Rarely",622,"Research & Development",14,4,Other,3,Male,39,2,1,"Laboratory Technician",2,Divorced,3743,1k-5k,10074,1,Yes,24,4,4,1,5,2,1,4,2,0,2
1011,1,31,27-35,No,"Travel Frequently",853,"Research & Development",1,1,"Life Sciences",3,Female,96,3,2,"Manufacturing Director",1,Married,4148,1k-5k,11275,1,No,12,3,3,1,4,1,3,4,3,0,3
1012,1,18,18-26,No,Non-Travel,287,"Research & Development",5,2,"Life Sciences",2,Male,73,3,1,"Research Scientist",4,Single,1051,1k-5k,13493,1,No,15,3,4,0,0,2,3,0,0,0,0
1013,1,54,54-60,No,"Travel Rarely",1441,"Research & Development",17,3,"Technical Degree",3,Female,56,3,3,"Manufacturing Director",3,Married,10739,10k-15k,13943,8,No,11,3,3,1,22,2,3,10,7,0,8
1014,1,35,27-35,No,"Travel Rarely",583,"Research & Development",25,4,Medical,3,Female,57,3,3,"Healthcare Representative",3,Divorced,10388,10k-15k,6975,1,Yes,11,3,3,1,16,3,2,16,10,10,1
1015,1,30,27-35,No,"Travel Rarely",153,"Research & Development",8,2,"Life Sciences",2,Female,73,4,3,"Research Director",1,Married,11416,10k-15k,17802,0,Yes,12,3,3,3,9,4,2,8,7,1,7
1016,1,20,18-26,Yes,"Travel Rarely",1097,"Research & Development",11,3,Medical,4,Female,98,2,1,"Research Scientist",1,Single,2600,1k-5k,18275,1,Yes,15,3,1,0,1,2,3,1,0,0,0
1017,1,30,27-35,Yes,"Travel Frequently",109,"Research & Development",5,3,Medical,2,Female,60,3,1,"Laboratory Technician",2,Single,2422,1k-5k,25725,0,No,17,3,1,0,4,3,3,3,2,1,2
1018,1,26,18-26,No,"Travel Rarely",1066,"Research & Development",2,2,Medical,4,Male,32,4,2,"Manufacturing Director",4,Married,5472,5k-10k,3334,1,No,12,3,2,0,8,2,3,8,7,1,3
1019,1,22,18-26,No,"Travel Rarely",217,"Research & Development",8,1,"Life Sciences",2,Male,94,1,1,"Laboratory Technician",1,Married,2451,1k-5k,6881,1,No,15,3,1,1,4,3,2,4,3,1,1
1022,1,48,45-53,No,"Travel Rarely",277,"Research & Development",6,3,"Life Sciences",1,Male,97,2,2,"Healthcare Representative",3,Single,4240,1k-5k,13119,2,No,13,3,4,0,19,0,3,2,2,2,2
1024,1,48,45-53,No,"Travel Rarely",1355,"Research & Development",4,4,"Life Sciences",3,Male,78,2,3,"Healthcare Representative",3,Single,10999,10k-15k,22245,7,No,14,3,2,0,27,3,3,15,11,4,8
1025,1,41,36-44,No,"Travel Rarely",549,"Research & Development",7,2,Medical,4,Female,42,3,2,"Manufacturing Director",3,Single,5003,5k-10k,23371,6,No,14,3,2,0,8,6,3,2,2,2,1
1026,1,39,36-44,No,"Travel Rarely",466,"Research & Development",1,1,"Life Sciences",4,Female,65,2,4,"Manufacturing Director",4,Married,12742,10k-15k,7060,1,No,16,3,3,1,21,3,3,21,6,11,8
1027,1,27,27-35,No,"Travel Rarely",1055,"Research & Development",2,4,"Life Sciences",1,Female,47,3,2,"Manufacturing Director",4,Married,4227,1k-5k,4658,0,No,18,3,2,1,4,2,3,3,2,2,2
1028,1,35,27-35,No,"Travel Rarely",802,"Research & Development",10,3,Other,2,Male,45,3,1,"Laboratory Technician",4,Divorced,3917,1k-5k,9541,1,No,20,4,1,1,3,4,2,3,2,1,2
1029,1,42,36-44,No,"Travel Rarely",265,Sales,5,2,Marketing,4,Male,90,3,5,Manager,3,Married,18303,15k-20k,7770,6,No,13,3,2,0,21,3,4,1,0,0,0
1030,1,50,45-53,No,"Travel Rarely",804,"Research & Development",9,3,"Life Sciences",1,Male,64,3,1,"Laboratory Technician",4,Married,2380,1k-5k,20165,4,No,18,3,2,0,8,5,3,1,0,0,0
1032,1,59,54-60,No,"Travel Rarely",715,"Research & Development",2,3,"Life Sciences",3,Female,69,2,4,"Manufacturing Director",4,Single,13726,10k-15k,21829,3,Yes,13,3,1,0,30,4,3,5,3,4,3
1033,1,37,36-44,Yes,"Travel Rarely",1141,"Research & Development",11,2,Medical,1,Female,61,1,2,"Healthcare Representative",2,Married,4777,1k-5k,14382,5,No,15,3,1,0,15,2,1,1,0,0,0
1034,1,55,54-60,No,"Travel Frequently",135,"Research & Development",18,4,Medical,3,Male,62,3,2,"Healthcare Representative",2,Married,6385,5k-10k,12992,3,Yes,14,3,4,2,17,3,3,8,7,6,7
1035,1,41,36-44,No,Non-Travel,247,"Research & Development",7,1,"Life Sciences",2,Female,55,1,5,"Research Director",3,Divorced,19973,15k-20k,20284,1,No,22,4,2,2,21,3,3,21,16,5,10
1036,1,38,36-44,No,"Travel Rarely",1035,Sales,3,4,"Life Sciences",2,Male,42,3,2,"Sales Executive",4,Single,6861,5k-10k,4981,8,Yes,12,3,3,0,19,1,3,1,0,0,0
1037,1,26,18-26,Yes,Non-Travel,265,Sales,29,2,Medical,2,Male,79,1,2,"Sales Executive",1,Single,4969,1k-5k,21813,8,No,18,3,4,0,7,6,3,2,2,2,2
1038,1,52,45-53,Yes,"Travel Rarely",266,Sales,2,1,Marketing,1,Female,57,1,5,Manager,4,Married,19845,15k-20k,25846,1,No,15,3,4,1,33,3,3,32,14,6,9
1039,1,44,36-44,No,"Travel Rarely",1448,Sales,28,3,Medical,4,Female,53,4,4,"Sales Executive",4,Married,13320,10k-15k,11737,3,Yes,18,3,3,1,23,2,3,12,11,11,11
1040,1,50,45-53,No,Non-Travel,145,Sales,1,3,"Life Sciences",4,Female,95,3,2,"Sales Executive",3,Married,6347,5k-10k,24920,0,No,12,3,1,1,19,3,3,18,7,0,13
1042,1,36,36-44,Yes,"Travel Rarely",885,"Research & Development",16,4,"Life Sciences",3,Female,43,4,1,"Laboratory Technician",1,Single,2743,1k-5k,8269,1,No,16,3,3,0,18,1,3,17,13,15,14
1043,1,39,36-44,No,"Travel Frequently",945,"Research & Development",22,3,Medical,4,Female,82,3,3,"Manufacturing Director",1,Single,10880,10k-15k,5083,1,Yes,13,3,3,0,21,2,3,21,6,2,8
1044,1,33,27-35,No,Non-Travel,1038,Sales,8,1,"Life Sciences",2,Female,88,2,1,"Sales Representative",4,Single,2342,1k-5k,21437,0,No,19,3,4,0,3,2,2,2,2,2,2
1045,1,45,45-53,No,"Travel Rarely",1234,Sales,11,2,"Life Sciences",4,Female,90,3,4,Manager,4,Married,17650,15k-20k,5404,3,No,13,3,2,1,26,4,4,9,3,1,1
1046,1,32,27-35,No,Non-Travel,1109,"Research & Development",29,4,Medical,4,Female,69,3,1,"Laboratory Technician",3,Single,4025,1k-5k,11135,9,No,12,3,2,0,10,2,3,8,7,7,7
1047,1,34,27-35,No,"Travel Rarely",216,Sales,1,4,Marketing,2,Male,75,4,2,"Sales Executive",4,Divorced,9725,5k-10k,12278,0,No,11,3,4,1,16,2,2,15,1,0,9
1048,1,59,54-60,No,"Travel Rarely",1089,Sales,1,2,"Technical Degree",2,Male,66,3,3,Manager,4,Married,11904,10k-15k,11038,3,Yes,14,3,3,1,14,1,1,6,4,0,4
1049,1,45,45-53,No,"Travel Rarely",788,"Human Resources",24,4,Medical,2,Male,36,3,1,"Human Resources",2,Single,2177,1k-5k,8318,1,No,16,3,1,0,6,3,3,6,3,0,4
1050,1,53,45-53,No,"Travel Frequently",124,Sales,2,3,Marketing,3,Female,38,2,3,"Sales Executive",2,Married,7525,5k-10k,23537,2,No,12,3,1,1,30,2,3,15,7,6,12
1052,1,36,36-44,Yes,"Travel Rarely",660,"Research & Development",15,3,Other,1,Male,81,3,2,"Laboratory Technician",3,Divorced,4834,1k-5k,7858,7,No,14,3,2,1,9,3,2,1,0,0,0
1053,1,26,18-26,Yes,"Travel Frequently",342,"Research & Development",2,3,"Life Sciences",1,Male,57,3,1,"Research Scientist",1,Married,2042,1k-5k,15346,6,Yes,14,3,2,1,6,2,3,3,2,1,2
1055,1,34,27-35,No,"Travel Rarely",1333,Sales,10,4,"Life Sciences",3,Female,87,3,1,"Sales Representative",3,Married,2220,1k-5k,18410,1,Yes,19,3,4,1,1,2,3,1,1,0,0
1056,1,28,27-35,No,"Travel Rarely",1144,Sales,10,1,Medical,4,Male,74,3,1,"Sales Representative",2,Married,1052,1k-5k,23384,1,No,22,4,2,0,1,5,3,1,0,0,0
1060,1,38,36-44,No,"Travel Frequently",1186,"Research & Development",3,4,Other,3,Male,44,3,1,"Research Scientist",3,Married,2821,1k-5k,2997,3,No,16,3,1,1,8,2,3,2,2,2,2
1061,1,50,45-53,No,"Travel Rarely",1464,"Research & Development",2,4,Medical,2,Male,62,3,5,"Research Director",3,Married,19237,15k-20k,12853,2,Yes,11,3,4,1,29,2,2,8,1,7,7
1062,1,37,36-44,No,"Travel Rarely",124,"Research & Development",3,3,Other,4,Female,35,3,2,"Healthcare Representative",2,Single,4107,1k-5k,13848,3,No,15,3,1,0,8,3,2,4,3,0,1
1066,1,40,36-44,No,"Travel Rarely",300,Sales,26,3,Marketing,3,Male,74,3,2,"Sales Executive",1,Married,8396,5k-10k,22217,1,No,14,3,2,1,8,3,2,7,7,7,5
1068,1,26,18-26,No,"Travel Frequently",921,"Research & Development",1,1,Medical,1,Female,66,2,1,"Research Scientist",3,Divorced,2007,1k-5k,25265,1,No,13,3,3,2,5,5,3,5,3,1,3
1069,1,46,45-53,No,"Travel Rarely",430,"Research & Development",1,4,Medical,4,Male,40,3,5,"Research Director",4,Divorced,19627,15k-20k,21445,9,No,17,3,4,2,23,0,3,2,2,2,2
1070,1,54,54-60,No,"Travel Rarely",1082,Sales,2,4,"Life Sciences",3,Female,41,2,3,"Sales Executive",3,Married,10686,10k-15k,8392,6,No,11,3,2,1,13,4,3,9,4,7,0
1071,1,56,54-60,No,"Travel Frequently",1240,"Research & Development",9,3,Medical,1,Female,63,3,1,"Research Scientist",3,Married,2942,1k-5k,12154,2,No,19,3,2,1,18,4,3,5,4,0,3
1073,1,36,36-44,No,"Travel Rarely",796,"Research & Development",12,5,Medical,4,Female,51,2,3,"Manufacturing Director",4,Single,8858,5k-10k,15669,0,No,11,3,2,0,15,2,2,14,8,7,8
1074,1,55,54-60,No,Non-Travel,444,"Research & Development",2,1,Medical,3,Male,40,2,4,Manager,1,Single,16756,15k-20k,17323,7,No,15,3,2,0,31,3,4,9,7,6,2
1076,1,43,36-44,No,"Travel Rarely",415,Sales,25,3,Medical,3,Male,79,2,3,"Sales Executive",4,Divorced,10798,10k-15k,5268,5,No,13,3,3,1,18,5,3,1,0,0,0
1077,1,20,18-26,Yes,"Travel Frequently",769,Sales,9,3,Marketing,4,Female,54,3,1,"Sales Representative",4,Single,2323,1k-5k,17205,1,Yes,14,3,2,0,2,3,3,2,2,0,2
1079,1,21,18-26,Yes,"Travel Rarely",1334,"Research & Development",10,3,"Life Sciences",3,Female,36,2,1,"Laboratory Technician",1,Single,1416,1k-5k,17258,1,No,13,3,1,0,1,6,2,1,0,1,0
1080,1,46,45-53,No,"Travel Rarely",1003,"Research & Development",8,4,"Life Sciences",4,Female,74,2,2,"Research Scientist",1,Divorced,4615,1k-5k,21029,8,Yes,23,4,1,3,19,2,3,16,13,1,7
1081,1,51,45-53,Yes,"Travel Rarely",1323,"Research & Development",4,4,"Life Sciences",1,Male,34,3,1,"Research Scientist",3,Married,2461,1k-5k,10332,9,Yes,12,3,3,3,18,2,4,10,0,2,7
1082,1,28,27-35,Yes,Non-Travel,1366,"Research & Development",24,2,"Technical Degree",2,Male,72,2,3,"Healthcare Representative",1,Single,8722,5k-10k,12355,1,No,12,3,1,0,10,2,2,10,7,1,9
1083,1,26,18-26,No,"Travel Rarely",192,"Research & Development",1,2,Medical,1,Male,59,2,1,"Laboratory Technician",1,Married,3955,1k-5k,11141,1,No,16,3,1,2,6,2,3,5,3,1,3
1084,1,30,27-35,No,"Travel Rarely",1176,"Research & Development",20,3,Other,3,Male,85,3,2,"Manufacturing Director",1,Married,9957,5k-10k,9096,0,No,15,3,3,1,7,1,2,6,2,0,2
1085,1,41,36-44,No,"Travel Rarely",509,"Research & Development",7,2,"Technical Degree",2,Female,43,4,1,"Research Scientist",3,Married,3376,1k-5k,18863,1,No,13,3,3,0,10,3,3,10,6,0,8
1088,1,38,36-44,No,"Travel Rarely",330,"Research & Development",17,1,"Life Sciences",3,Female,65,2,3,"Healthcare Representative",3,Married,8823,5k-10k,24608,0,No,18,3,1,1,20,4,2,19,9,1,9
1092,1,40,36-44,No,"Travel Rarely",1492,"Research & Development",20,4,"Technical Degree",1,Male,61,3,3,"Healthcare Representative",4,Married,10322,10k-15k,26542,4,No,20,4,4,1,14,6,3,11,10,11,1
1094,1,27,27-35,No,Non-Travel,1277,"Research & Development",8,5,"Life Sciences",1,Male,87,1,1,"Laboratory Technician",3,Married,4621,1k-5k,5869,1,No,19,3,4,3,3,4,3,3,2,1,2
1096,1,55,54-60,No,"Travel Frequently",1091,"Research & Development",2,1,"Life Sciences",4,Male,65,3,3,"Manufacturing Director",2,Married,10976,10k-15k,15813,3,No,18,3,2,1,23,4,3,3,2,1,2
1097,1,28,27-35,No,"Travel Rarely",857,"Research & Development",10,3,Other,3,Female,59,3,2,"Research Scientist",3,Single,3660,1k-5k,7909,3,No,13,3,4,0,10,4,4,8,7,1,7
1098,1,44,36-44,Yes,"Travel Rarely",1376,"Human Resources",1,2,Medical,2,Male,91,2,3,"Human Resources",1,Married,10482,10k-15k,2326,9,No,14,3,4,1,24,1,3,20,6,3,6
1099,1,33,27-35,No,"Travel Rarely",654,"Research & Development",5,3,"Life Sciences",4,Male,34,2,3,"Healthcare Representative",4,Divorced,7119,5k-10k,21214,4,No,15,3,3,1,9,2,3,3,2,1,2
1100,1,35,27-35,Yes,"Travel Rarely",1204,Sales,4,3,"Technical Degree",4,Male,86,3,3,"Sales Executive",1,Single,9582,5k-10k,10333,0,Yes,22,4,1,0,9,2,3,8,7,4,7
1101,1,33,27-35,Yes,"Travel Frequently",827,"Research & Development",29,4,Medical,1,Female,54,2,2,"Research Scientist",3,Single,4508,1k-5k,3129,1,No,22,4,2,0,14,4,3,13,7,3,8
1102,1,28,27-35,No,"Travel Rarely",895,"Research & Development",15,2,"Life Sciences",1,Male,50,3,1,"Laboratory Technician",3,Divorced,2207,1k-5k,22482,1,No,16,3,4,1,4,5,2,4,2,2,2
1103,1,34,27-35,No,"Travel Frequently",618,"Research & Development",3,1,"Life Sciences",1,Male,45,3,2,"Healthcare Representative",4,Single,7756,5k-10k,22266,0,No,17,3,3,0,7,1,2,6,2,0,4
1105,1,37,36-44,No,"Travel Rarely",309,Sales,10,4,"Life Sciences",4,Female,88,2,2,"Sales Executive",4,Divorced,6694,5k-10k,24223,2,Yes,14,3,3,3,8,5,3,1,0,0,0
1106,1,25,18-26,Yes,"Travel Rarely",1219,"Research & Development",4,1,"Technical Degree",4,Male,32,3,1,"Laboratory Technician",4,Married,3691,1k-5k,4605,1,Yes,15,3,2,1,7,3,4,7,7,5,6
1107,1,26,18-26,Yes,"Travel Rarely",1330,"Research & Development",21,3,Medical,1,Male,37,3,1,"Laboratory Technician",3,Divorced,2377,1k-5k,19373,1,No,20,4,3,1,1,0,2,1,1,0,0
1108,1,33,27-35,Yes,"Travel Rarely",1017,"Research & Development",25,3,Medical,1,Male,55,2,1,"Research Scientist",2,Single,2313,1k-5k,2993,4,Yes,20,4,2,0,5,0,3,2,2,2,2
1109,1,42,36-44,No,"Travel Rarely",469,"Research & Development",2,2,Medical,4,Male,35,3,4,Manager,1,Married,17665,15k-20k,14399,0,No,17,3,4,1,23,3,3,22,6,13,7
1111,1,28,27-35,Yes,"Travel Frequently",1009,"Research & Development",1,3,Medical,1,Male,45,2,1,"Laboratory Technician",2,Divorced,2596,1k-5k,7160,1,No,15,3,1,2,1,2,3,1,0,0,0
1113,1,50,45-53,Yes,"Travel Frequently",959,Sales,1,4,Other,4,Male,81,3,2,"Sales Executive",3,Single,4728,1k-5k,17251,3,Yes,14,3,4,0,5,4,3,0,0,0,0
1114,1,33,27-35,No,"Travel Frequently",970,Sales,7,3,"Life Sciences",4,Female,30,3,2,"Sales Executive",2,Married,4302,1k-5k,13401,0,No,17,3,3,1,4,3,3,3,2,0,2
1115,1,34,27-35,No,Non-Travel,697,"Research & Development",3,4,"Life Sciences",3,Male,40,2,1,"Research Scientist",4,Married,2979,1k-5k,22478,3,No,17,3,4,3,6,2,3,0,0,0,0
1116,1,48,45-53,No,Non-Travel,1262,"Research & Development",1,4,Medical,1,Male,35,4,4,Manager,4,Single,16885,15k-20k,16154,2,No,22,4,3,0,27,3,2,5,4,2,1
1117,1,45,45-53,No,Non-Travel,1050,Sales,9,4,"Life Sciences",2,Female,65,2,2,"Sales Executive",3,Married,5593,5k-10k,17970,1,No,13,3,4,1,15,2,3,15,10,4,12
1118,1,52,45-53,No,"Travel Rarely",994,"Research & Development",7,4,"Life Sciences",2,Male,87,3,3,"Healthcare Representative",2,Single,10445,10k-15k,15322,7,No,19,3,4,0,18,4,3,8,6,4,0
1119,1,38,36-44,No,"Travel Rarely",770,Sales,10,4,Marketing,3,Male,73,2,3,"Sales Executive",3,Divorced,8740,5k-10k,5569,0,Yes,14,3,2,2,9,2,3,8,7,2,7
1120,1,29,27-35,No,"Travel Rarely",1107,"Research & Development",28,4,"Life Sciences",3,Female,93,3,1,"Research Scientist",4,Divorced,2514,1k-5k,26968,4,No,22,4,1,1,11,1,3,7,5,1,7
1121,1,28,27-35,No,"Travel Rarely",950,"Research & Development",3,3,Medical,4,Female,93,3,3,"Manufacturing Director",2,Divorced,7655,5k-10k,8039,0,No,17,3,2,3,10,3,2,9,7,1,7
1124,1,46,45-53,No,"Travel Rarely",406,Sales,3,1,Marketing,1,Male,52,3,4,Manager,3,Married,17465,15k-20k,15596,3,No,12,3,4,1,23,3,3,12,9,4,9
1125,1,38,36-44,No,"Travel Rarely",130,Sales,2,2,Marketing,4,Male,32,3,3,"Sales Executive",2,Single,7351,5k-10k,20619,7,No,16,3,3,0,10,2,3,1,0,0,0
1126,1,43,36-44,No,"Travel Frequently",1082,"Research & Development",27,3,"Life Sciences",3,Female,83,3,3,"Manufacturing Director",1,Married,10820,10k-15k,11535,8,No,11,3,3,1,18,1,3,8,7,0,1
1127,1,39,36-44,Yes,"Travel Frequently",203,"Research & Development",2,3,"Life Sciences",1,Male,84,3,4,"Healthcare Representative",4,Divorced,12169,10k-15k,13547,7,No,11,3,4,3,21,4,3,18,7,11,5
1128,1,40,36-44,No,"Travel Rarely",1308,"Research & Development",14,3,Medical,3,Male,44,2,5,"Research Director",3,Single,19626,15k-20k,17544,1,No,14,3,1,0,21,2,4,20,7,4,9
1131,1,21,18-26,No,"Travel Rarely",984,"Research & Development",1,1,"Technical Degree",4,Female,70,2,1,"Research Scientist",2,Single,2070,1k-5k,25326,1,Yes,11,3,3,0,2,6,4,2,2,2,2
1132,1,39,36-44,No,Non-Travel,439,"Research & Development",9,3,"Life Sciences",3,Male,70,3,2,"Laboratory Technician",2,Single,6782,5k-10k,8770,9,No,15,3,3,0,9,2,2,5,4,0,3
1133,1,36,36-44,No,Non-Travel,217,"Research & Development",18,4,"Life Sciences",1,Male,78,3,2,"Manufacturing Director",4,Single,7779,5k-10k,23238,2,No,20,4,1,0,18,0,3,11,9,0,9
1135,1,31,27-35,No,"Travel Frequently",793,Sales,20,3,"Life Sciences",3,Male,67,4,1,"Sales Representative",4,Married,2791,1k-5k,21981,0,No,12,3,1,1,3,4,3,2,2,2,2
1136,1,28,27-35,No,"Travel Rarely",1451,"Research & Development",2,1,"Life Sciences",1,Male,67,2,1,"Research Scientist",2,Married,3201,1k-5k,19911,0,No,17,3,1,0,6,2,1,5,3,0,4
1137,1,35,27-35,No,"Travel Frequently",1182,Sales,11,2,Marketing,4,Male,54,3,2,"Sales Executive",4,Divorced,4968,1k-5k,18500,1,No,11,3,4,1,5,3,3,5,2,0,2
1138,1,49,45-53,No,"Travel Rarely",174,Sales,8,4,"Technical Degree",4,Male,56,2,4,"Sales Executive",2,Married,13120,10k-15k,11879,6,No,17,3,2,1,22,3,3,9,8,2,3
1140,1,34,27-35,No,"Travel Frequently",1003,"Research & Development",2,2,"Life Sciences",4,Male,95,3,2,"Manufacturing Director",3,Single,4033,1k-5k,15834,2,No,11,3,4,0,5,3,2,3,2,0,2
1143,1,29,27-35,No,"Travel Frequently",490,"Research & Development",10,3,"Life Sciences",4,Female,61,3,1,"Research Scientist",2,Divorced,3291,1k-5k,17940,0,No,14,3,4,2,8,2,2,7,5,1,1
1148,1,42,36-44,No,"Travel Rarely",188,"Research & Development",29,3,Medical,2,Male,56,1,2,"Laboratory Technician",4,Single,4272,1k-5k,9558,4,No,19,3,1,0,16,3,3,1,0,0,0
1150,1,29,27-35,No,"Travel Rarely",718,"Research & Development",8,1,Medical,2,Male,79,2,2,"Manufacturing Director",4,Married,5056,5k-10k,17689,1,Yes,15,3,3,1,10,2,2,10,7,1,2
1152,1,38,36-44,No,"Travel Rarely",433,"Human Resources",1,3,"Human Resources",3,Male,37,4,1,"Human Resources",3,Married,2844,1k-5k,6004,1,No,13,3,4,1,7,2,4,7,6,5,0
1154,1,28,27-35,No,"Travel Frequently",773,"Research & Development",6,3,"Life Sciences",3,Male,39,2,1,"Research Scientist",3,Divorced,2703,1k-5k,22088,1,Yes,14,3,4,1,3,2,3,3,1,0,2
1156,1,18,18-26,Yes,Non-Travel,247,"Research & Development",8,1,Medical,3,Male,80,3,1,"Laboratory Technician",3,Single,1904,1k-5k,13556,1,No,12,3,4,0,0,0,3,0,0,0,0
1157,1,33,27-35,Yes,"Travel Rarely",603,Sales,9,4,Marketing,1,Female,77,3,2,"Sales Executive",1,Single,8224,5k-10k,18385,0,Yes,17,3,1,0,6,3,3,5,2,0,3
1158,1,41,36-44,No,"Travel Rarely",167,"Research & Development",12,4,"Life Sciences",2,Male,46,3,1,"Laboratory Technician",4,Married,4766,1k-5k,9051,3,Yes,11,3,1,1,6,4,3,1,0,0,0
1160,1,31,27-35,Yes,"Travel Frequently",874,"Research & Development",15,3,Medical,3,Male,72,3,1,"Laboratory Technician",3,Married,2610,1k-5k,6233,1,No,12,3,3,1,2,5,2,2,2,2,2
1161,1,37,36-44,No,"Travel Rarely",367,"Research & Development",25,2,Medical,3,Female,52,2,2,"Healthcare Representative",4,Divorced,5731,5k-10k,17171,7,No,13,3,3,2,9,2,3,6,2,1,3
1162,1,27,27-35,No,"Travel Rarely",199,"Research & Development",6,3,"Life Sciences",4,Male,55,2,1,"Research Scientist",3,Married,2539,1k-5k,7950,1,No,13,3,3,1,4,0,3,4,2,2,2
1163,1,34,27-35,No,"Travel Rarely",1400,Sales,9,1,"Life Sciences",2,Female,70,3,2,"Sales Executive",3,Married,5714,5k-10k,5829,1,No,20,4,1,0,6,3,2,6,5,1,3
1164,1,35,27-35,No,"Travel Rarely",528,"Human Resources",8,4,"Technical Degree",3,Male,100,3,1,"Human Resources",3,Single,4323,1k-5k,7108,1,No,17,3,2,0,6,2,1,5,4,1,4
1165,1,29,27-35,Yes,"Travel Rarely",408,Sales,23,1,"Life Sciences",4,Female,45,2,3,"Sales Executive",1,Married,7336,5k-10k,11162,1,No,13,3,1,1,11,3,1,11,8,3,10
1166,1,40,36-44,No,"Travel Frequently",593,"Research & Development",9,4,Medical,2,Female,88,3,3,"Research Director",3,Single,13499,10k-15k,13782,9,No,17,3,3,0,20,3,2,18,7,2,13
1167,1,42,36-44,Yes,"Travel Frequently",481,Sales,12,3,"Life Sciences",3,Male,44,3,4,"Sales Executive",1,Single,13758,10k-15k,2447,0,Yes,12,3,2,0,22,2,2,21,9,13,14
1171,1,42,36-44,No,"Travel Rarely",647,Sales,4,4,Marketing,2,Male,45,3,2,"Sales Executive",1,Single,5155,5k-10k,2253,7,No,13,3,4,0,9,3,4,6,4,1,5
1172,1,35,27-35,No,"Travel Rarely",982,"Research & Development",1,4,Medical,4,Male,58,2,1,"Laboratory Technician",3,Married,2258,1k-5k,16340,6,No,12,3,2,1,10,2,3,8,0,1,7
1173,1,24,18-26,No,"Travel Rarely",477,"Research & Development",24,3,Medical,4,Male,49,3,1,"Laboratory Technician",2,Single,3597,1k-5k,6409,8,No,22,4,4,0,6,2,3,4,3,1,2
1175,1,28,27-35,Yes,"Travel Rarely",1485,"Research & Development",12,1,"Life Sciences",3,Female,79,3,1,"Laboratory Technician",4,Married,2515,1k-5k,22955,1,Yes,11,3,4,0,1,4,2,1,1,0,0
1177,1,26,18-26,No,"Travel Rarely",1384,"Research & Development",3,4,Medical,1,Male,82,4,1,"Laboratory Technician",4,Married,4420,1k-5k,13421,1,No,22,4,2,1,8,2,3,8,7,0,7
1179,1,30,27-35,No,"Travel Rarely",852,Sales,10,3,Marketing,3,Male,72,2,2,"Sales Executive",3,Married,6578,5k-10k,2706,1,No,18,3,1,1,10,3,3,10,3,1,4
1180,1,40,36-44,No,"Travel Frequently",902,"Research & Development",26,2,Medical,3,Female,92,2,2,"Research Scientist",4,Married,4422,1k-5k,21203,3,Yes,13,3,4,1,16,3,1,1,1,0,0
1182,1,35,27-35,No,"Travel Rarely",819,"Research & Development",2,3,"Life Sciences",3,Male,44,2,3,"Manufacturing Director",2,Divorced,10274,10k-15k,19588,2,No,18,3,2,1,15,2,4,7,7,6,4
1184,1,34,27-35,No,"Travel Frequently",669,"Research & Development",1,3,Medical,4,Male,97,2,2,"Healthcare Representative",1,Single,5343,5k-10k,25755,0,No,20,4,3,0,14,3,3,13,9,4,9
1185,1,35,27-35,No,"Travel Frequently",636,"Research & Development",4,4,Other,4,Male,47,2,1,"Laboratory Technician",4,Married,2376,1k-5k,26537,1,No,13,3,2,1,2,2,4,2,2,2,2
1188,1,43,36-44,Yes,"Travel Rarely",1372,Sales,9,3,Marketing,1,Female,85,1,2,"Sales Executive",3,Single,5346,5k-10k,9489,8,No,13,3,2,0,7,2,2,4,3,1,3
1190,1,32,27-35,No,Non-Travel,862,Sales,2,1,"Life Sciences",3,Female,76,3,1,"Sales Representative",1,Divorced,2827,1k-5k,14947,1,No,12,3,3,3,1,3,3,1,0,0,0
1191,1,56,54-60,No,"Travel Rarely",718,"Research & Development",4,4,"Technical Degree",4,Female,92,3,5,Manager,1,Divorced,19943,15k-20k,18575,4,No,13,3,4,1,28,2,3,5,2,4,2
1192,1,29,27-35,No,"Travel Rarely",1401,"Research & Development",6,1,Medical,2,Female,54,3,1,"Laboratory Technician",4,Married,3131,1k-5k,26342,1,No,13,3,1,1,10,5,3,10,8,0,8
1193,1,19,18-26,No,"Travel Rarely",645,"Research & Development",9,2,"Life Sciences",3,Male,54,3,1,"Research Scientist",1,Single,2552,1k-5k,7172,1,No,25,4,3,0,1,4,3,1,1,0,0
1195,1,45,45-53,No,"Travel Rarely",1457,"Research & Development",7,3,Medical,1,Female,83,3,1,"Research Scientist",3,Married,4477,1k-5k,20100,4,Yes,19,3,3,1,7,2,2,3,2,0,2
1196,1,37,36-44,No,"Travel Rarely",977,"Research & Development",1,3,"Life Sciences",4,Female,56,2,2,"Manufacturing Director",4,Married,6474,5k-10k,9961,1,No,13,3,2,1,14,2,2,14,8,3,11
1198,1,20,18-26,No,"Travel Rarely",805,"Research & Development",3,3,"Life Sciences",1,Male,87,2,1,"Laboratory Technician",3,Single,3033,1k-5k,12828,1,No,12,3,1,0,2,2,2,2,2,1,2
1200,1,44,36-44,Yes,"Travel Rarely",1097,"Research & Development",10,4,"Life Sciences",3,Male,96,3,1,"Research Scientist",3,Single,2936,1k-5k,10826,1,Yes,11,3,3,0,6,4,3,6,4,0,2
1201,1,53,45-53,No,"Travel Rarely",1223,"Research & Development",7,2,Medical,4,Female,50,3,5,Manager,3,Divorced,18606,15k-20k,18640,3,No,18,3,2,1,26,6,3,7,7,4,7
1202,1,29,27-35,No,"Travel Rarely",942,"Research & Development",15,1,"Life Sciences",2,Female,69,1,1,"Research Scientist",4,Married,2168,1k-5k,26933,0,Yes,18,3,1,1,6,2,2,5,4,1,3
1203,1,22,18-26,Yes,"Travel Frequently",1256,"Research & Development",3,4,"Life Sciences",3,Male,48,2,1,"Research Scientist",4,Married,2853,1k-5k,4223,0,Yes,11,3,2,1,1,5,3,0,0,0,0
1204,1,46,45-53,No,"Travel Rarely",1402,Sales,2,3,Marketing,3,Female,69,3,4,Manager,1,Married,17048,15k-20k,24097,8,No,23,4,1,0,28,2,3,26,15,15,9
1206,1,44,36-44,No,Non-Travel,111,"Research & Development",17,3,"Life Sciences",4,Male,74,1,1,"Research Scientist",3,Single,2290,1k-5k,4279,2,No,13,3,4,0,6,3,3,0,0,0,0
1207,1,33,27-35,No,"Travel Rarely",147,"Human Resources",2,3,"Human Resources",2,Male,99,3,1,"Human Resources",3,Married,3600,1k-5k,8429,1,No,13,3,4,1,5,2,3,5,4,1,4
1210,1,41,36-44,Yes,Non-Travel,906,"Research & Development",5,2,"Life Sciences",1,Male,95,2,1,"Research Scientist",1,Divorced,2107,1k-5k,20293,6,No,17,3,1,1,5,2,1,1,0,0,0
1211,1,30,27-35,No,"Travel Rarely",1329,Sales,29,4,"Life Sciences",3,Male,61,3,2,"Sales Executive",1,Divorced,4115,1k-5k,13192,8,No,19,3,3,3,8,3,3,4,3,0,3
1212,1,40,36-44,No,"Travel Frequently",1184,Sales,2,4,Medical,2,Male,62,3,2,"Sales Executive",2,Married,4327,1k-5k,25440,5,No,12,3,4,3,5,2,3,0,0,0,0
1215,1,50,45-53,No,"Travel Frequently",1421,"Research & Development",2,3,Medical,4,Female,30,3,4,Manager,1,Married,17856,15k-20k,9490,2,No,22,4,3,1,32,3,3,2,2,2,2
1216,1,28,27-35,No,"Travel Rarely",1179,"Research & Development",19,4,Medical,4,Male,78,2,1,"Laboratory Technician",1,Married,3196,1k-5k,12449,1,No,12,3,3,3,6,2,3,6,5,3,3
1217,1,46,45-53,No,"Travel Rarely",1450,"Research & Development",15,2,"Life Sciences",4,Male,52,3,5,"Research Director",2,Married,19081,15k-20k,10849,5,No,11,3,1,1,25,2,3,4,2,0,3
1218,1,35,27-35,No,"Travel Rarely",1361,Sales,17,4,"Life Sciences",3,Male,94,3,2,"Sales Executive",1,Married,8966,5k-10k,21026,3,Yes,15,3,4,3,15,2,3,7,7,1,7
1219,1,24,18-26,Yes,"Travel Rarely",984,"Research & Development",17,2,"Life Sciences",4,Female,97,3,1,"Laboratory Technician",2,Married,2210,1k-5k,3372,1,No,13,3,1,1,1,3,1,1,0,0,0
1220,1,33,27-35,No,"Travel Frequently",1146,Sales,25,3,Medical,2,Female,82,3,2,"Sales Executive",3,Married,4539,1k-5k,4905,1,No,12,3,1,1,10,3,2,10,7,0,1
1221,1,36,36-44,No,"Travel Rarely",917,"Research & Development",6,4,"Life Sciences",3,Male,60,1,1,"Laboratory Technician",3,Divorced,2741,1k-5k,6865,1,No,14,3,3,1,7,4,3,7,7,1,7
1224,1,30,27-35,No,"Travel Rarely",853,"Research & Development",7,4,"Life Sciences",3,Male,49,3,2,"Laboratory Technician",3,Divorced,3491,1k-5k,11309,1,No,13,3,1,3,10,4,2,10,7,8,9
1225,1,44,36-44,No,"Travel Rarely",200,"Research & Development",29,4,Other,4,Male,32,3,2,"Research Scientist",4,Single,4541,1k-5k,7744,1,No,25,4,2,0,20,3,3,20,11,13,17
1226,1,20,18-26,No,"Travel Rarely",654,Sales,21,3,Marketing,3,Male,43,4,1,"Sales Representative",4,Single,2678,1k-5k,5050,1,No,17,3,4,0,2,2,3,2,1,2,2
1228,1,46,45-53,No,"Travel Rarely",150,"Research & Development",2,4,"Technical Degree",4,Male,60,3,2,"Manufacturing Director",4,Divorced,7379,5k-10k,17433,2,No,11,3,3,1,12,3,2,6,3,1,4
1231,1,42,36-44,No,Non-Travel,179,"Human Resources",2,5,Medical,4,Male,79,4,2,"Human Resources",1,Married,6272,5k-10k,12858,7,No,16,3,1,1,10,3,4,4,3,0,3
1233,1,60,54-60,No,"Travel Rarely",696,Sales,7,4,Marketing,2,Male,52,4,2,"Sales Executive",4,Divorced,5220,5k-10k,10893,0,Yes,18,3,2,1,12,3,3,11,7,1,9
1234,1,32,27-35,No,"Travel Frequently",116,"Research & Development",13,3,Other,3,Female,77,2,1,"Laboratory Technician",2,Married,2743,1k-5k,7331,1,No,20,4,3,1,2,2,3,2,2,2,2
1235,1,32,27-35,No,"Travel Frequently",1316,"Research & Development",2,2,"Life Sciences",4,Female,38,3,2,"Research Scientist",3,Single,4998,1k-5k,2338,4,Yes,14,3,4,0,10,2,3,8,7,0,7
1237,1,36,36-44,No,"Travel Rarely",363,"Research & Development",1,3,"Technical Degree",3,Female,77,1,3,"Manufacturing Director",1,Divorced,10252,10k-15k,4235,2,Yes,21,4,3,1,17,2,3,7,7,7,7
1238,1,33,27-35,No,"Travel Rarely",117,"Research & Development",9,3,Medical,1,Male,60,3,1,"Research Scientist",4,Married,2781,1k-5k,6311,0,No,13,3,2,1,15,5,3,14,10,4,10
1239,1,40,36-44,No,"Travel Rarely",107,Sales,10,3,"Technical Degree",2,Female,84,2,2,"Sales Executive",2,Divorced,6852,5k-10k,11591,7,No,12,3,2,1,7,2,4,5,1,1,3
1240,1,25,18-26,No,"Travel Rarely",1356,Sales,10,4,"Life Sciences",3,Male,57,3,2,"Sales Executive",4,Single,4950,1k-5k,20623,0,No,14,3,2,0,5,4,3,4,3,1,1
1241,1,30,27-35,No,"Travel Rarely",1465,"Research & Development",1,3,Medical,4,Male,63,3,1,"Research Scientist",2,Married,3579,1k-5k,9369,0,Yes,21,4,1,1,12,2,3,11,9,5,7
1242,1,42,36-44,No,"Travel Frequently",458,"Research & Development",26,5,Medical,1,Female,60,3,3,"Research Director",1,Married,13191,10k-15k,23281,3,Yes,17,3,3,0,20,6,3,1,0,0,0
1243,1,35,27-35,No,Non-Travel,1212,Sales,8,2,Marketing,3,Female,78,2,3,"Sales Executive",4,Married,10377,10k-15k,13755,4,Yes,11,3,2,1,16,6,2,13,2,4,12
1244,1,27,27-35,No,"Travel Rarely",1103,"Research & Development",14,3,"Life Sciences",1,Male,42,3,1,"Research Scientist",1,Married,2235,1k-5k,14377,1,Yes,14,3,4,2,9,3,2,9,7,6,8
1245,1,54,54-60,No,"Travel Frequently",966,"Research & Development",1,4,"Life Sciences",4,Female,53,3,3,"Manufacturing Director",3,Divorced,10502,10k-15k,9659,7,No,17,3,1,1,33,2,1,5,4,1,4
1246,1,44,36-44,No,"Travel Rarely",1117,"Research & Development",2,1,"Life Sciences",1,Female,72,4,1,"Research Scientist",4,Married,2011,1k-5k,19982,1,No,13,3,4,1,10,5,3,10,5,7,7
1248,1,19,18-26,Yes,Non-Travel,504,"Research & Development",10,3,Medical,1,Female,96,2,1,"Research Scientist",2,Single,1859,1k-5k,6148,1,Yes,25,4,2,0,1,2,4,1,1,0,0
1249,1,29,27-35,No,"Travel Rarely",1010,"Research & Development",1,3,"Life Sciences",1,Female,97,3,1,"Research Scientist",4,Divorced,3760,1k-5k,5598,1,No,15,3,1,3,3,5,3,3,2,1,2
1250,1,54,54-60,No,"Travel Rarely",685,"Research & Development",3,3,"Life Sciences",4,Male,85,3,4,"Research Director",4,Married,17779,15k-20k,23474,3,No,14,3,1,0,36,2,3,10,9,0,9
1251,1,31,27-35,No,"Travel Rarely",1332,"Research & Development",11,2,Medical,3,Male,80,3,2,"Healthcare Representative",1,Married,6833,5k-10k,17089,1,Yes,12,3,4,0,6,2,2,6,5,0,1
1252,1,31,27-35,No,"Travel Rarely",1062,"Research & Development",24,3,Medical,3,Female,96,2,2,"Healthcare Representative",1,Single,6812,5k-10k,17198,1,No,19,3,2,0,10,2,3,10,9,1,8
1254,1,59,54-60,No,"Travel Rarely",326,Sales,3,3,"Life Sciences",3,Female,48,2,2,"Sales Executive",4,Single,5171,5k-10k,16490,5,No,17,3,4,0,13,2,3,6,1,0,5
1255,1,43,36-44,No,"Travel Rarely",920,"Research & Development",3,3,"Life Sciences",3,Male,96,1,5,"Research Director",4,Married,19740,15k-20k,18625,3,No,14,3,2,1,25,2,3,8,7,0,7
1256,1,49,45-53,No,"Travel Rarely",1098,"Research & Development",4,2,Medical,1,Male,85,2,5,Manager,3,Married,18711,15k-20k,12124,2,No,13,3,3,1,23,2,4,1,0,0,0
1257,1,36,36-44,No,"Travel Frequently",469,"Research & Development",3,3,"Technical Degree",3,Male,46,3,1,"Research Scientist",2,Married,3692,1k-5k,9256,1,No,12,3,3,0,12,2,2,11,10,0,7
1258,1,48,45-53,No,"Travel Rarely",969,"Research & Development",2,2,"Technical Degree",4,Male,76,4,1,"Laboratory Technician",2,Single,2559,1k-5k,16620,5,No,11,3,3,0,7,4,2,1,0,0,0
1259,1,27,27-35,No,"Travel Rarely",1167,"Research & Development",4,2,"Life Sciences",1,Male,76,3,1,"Research Scientist",3,Divorced,2517,1k-5k,3208,1,No,11,3,2,3,5,2,3,5,3,0,3
1260,1,29,27-35,No,"Travel Rarely",1329,"Research & Development",7,3,"Life Sciences",3,Male,82,3,2,"Healthcare Representative",4,Divorced,6623,5k-10k,4204,1,Yes,11,3,2,2,6,2,3,6,0,1,0
1263,1,48,45-53,No,"Travel Rarely",715,"Research & Development",1,3,"Life Sciences",4,Male,76,2,5,"Research Director",4,Single,18265,15k-20k,8733,6,No,12,3,3,0,25,3,4,1,0,0,0
1264,1,29,27-35,No,"Travel Rarely",694,"Research & Development",1,3,"Life Sciences",4,Female,87,2,4,"Research Director",4,Divorced,16124,15k-20k,3423,3,No,14,3,2,2,9,2,2,7,7,1,7
1265,1,34,27-35,No,"Travel Rarely",1320,"Research & Development",20,3,"Technical Degree",3,Female,89,4,1,"Research Scientist",3,Married,2585,1k-5k,21643,0,No,17,3,4,0,2,5,2,1,0,0,0
1267,1,44,36-44,No,"Travel Rarely",1099,Sales,5,3,Marketing,2,Male,88,3,5,Manager,2,Married,18213,15k-20k,8751,7,No,11,3,3,1,26,5,3,22,9,3,10
1268,1,33,27-35,No,"Travel Rarely",536,Sales,10,5,Marketing,4,Male,82,4,3,"Sales Executive",3,Divorced,8380,5k-10k,21708,0,Yes,14,3,4,2,10,3,3,9,8,0,8
1269,1,19,18-26,No,"Travel Rarely",265,"Research & Development",25,3,"Life Sciences",2,Female,57,4,1,"Research Scientist",4,Single,2994,1k-5k,21221,1,Yes,12,3,4,0,1,2,3,1,0,0,1
1270,1,23,18-26,No,"Travel Rarely",373,"Research & Development",1,2,"Life Sciences",4,Male,47,3,1,"Research Scientist",3,Married,1223,1k-5k,16901,1,No,22,4,4,1,1,2,3,1,0,0,1
1273,1,25,18-26,Yes,"Travel Frequently",599,Sales,24,1,"Life Sciences",3,Male,73,1,1,"Sales Representative",4,Single,1118,1k-5k,8040,1,Yes,14,3,4,0,1,4,3,1,0,1,0
1275,1,26,18-26,No,"Travel Rarely",583,"Research & Development",4,2,"Life Sciences",3,Male,53,3,1,"Research Scientist",4,Single,2875,1k-5k,9973,1,Yes,20,4,2,0,8,2,2,8,5,2,2
1277,1,45,45-53,Yes,"Travel Rarely",1449,Sales,2,3,Marketing,1,Female,94,1,5,Manager,2,Single,18824,15k-20k,2493,2,Yes,16,3,1,0,26,2,3,24,10,1,11
1278,1,55,54-60,No,Non-Travel,177,"Research & Development",8,1,Medical,4,Male,37,2,4,"Healthcare Representative",2,Divorced,13577,10k-15k,25592,1,Yes,15,3,4,1,34,3,3,33,9,15,0
1279,1,21,18-26,Yes,"Travel Frequently",251,"Research & Development",10,2,"Life Sciences",1,Female,45,2,1,"Laboratory Technician",3,Single,2625,1k-5k,25308,1,No,20,4,3,0,2,2,1,2,2,2,2
1280,1,46,45-53,No,"Travel Rarely",168,Sales,4,2,Marketing,4,Female,33,2,5,Manager,2,Married,18789,15k-20k,9946,2,No,14,3,3,1,26,2,3,11,4,0,8
1281,1,34,27-35,No,"Travel Rarely",131,Sales,2,3,Marketing,3,Female,86,3,2,"Sales Executive",1,Single,4538,1k-5k,6039,0,Yes,12,3,4,0,4,3,3,3,2,0,2
1282,1,51,45-53,No,"Travel Frequently",237,Sales,9,3,"Life Sciences",4,Male,83,3,5,Manager,2,Divorced,19847,15k-20k,19196,4,Yes,24,4,1,1,31,5,2,29,10,11,10
1283,1,59,54-60,No,"Travel Rarely",1429,"Research & Development",18,4,Medical,4,Male,67,3,3,"Manufacturing Director",4,Single,10512,10k-15k,20002,6,No,12,3,4,0,25,6,2,9,7,5,4
1285,1,34,27-35,No,"Travel Frequently",135,"Research & Development",19,3,Medical,3,Female,46,3,2,"Laboratory Technician",2,Divorced,4444,1k-5k,22534,4,No,13,3,3,2,15,2,4,11,8,5,10
1286,1,28,27-35,No,"Travel Frequently",791,"Research & Development",1,4,Medical,4,Male,44,3,1,"Laboratory Technician",3,Single,2154,1k-5k,6842,0,Yes,11,3,3,0,5,2,2,4,2,0,2
1288,1,44,36-44,No,"Travel Rarely",1199,"Research & Development",4,2,"Life Sciences",3,Male,92,4,5,Manager,1,Divorced,19190,15k-20k,17477,1,No,14,3,4,2,26,4,2,25,9,14,13
1289,1,34,27-35,No,"Travel Frequently",648,"Human Resources",11,3,"Life Sciences",3,Male,56,2,2,"Human Resources",2,Married,4490,1k-5k,21833,4,No,11,3,4,2,14,5,4,10,9,1,8
1291,1,35,27-35,No,"Travel Rarely",735,"Research & Development",6,1,"Life Sciences",3,Male,66,3,1,"Research Scientist",3,Married,3506,1k-5k,6020,0,Yes,14,3,4,0,4,3,3,3,2,2,2
1292,1,42,36-44,No,"Travel Rarely",603,"Research & Development",7,4,Medical,2,Female,78,4,2,"Research Scientist",2,Married,2372,1k-5k,5628,6,Yes,16,3,4,0,18,2,3,1,0,0,0
1293,1,43,36-44,No,"Travel Rarely",531,Sales,4,4,Marketing,4,Female,56,2,3,"Sales Executive",4,Single,10231,10k-15k,20364,3,No,14,3,4,0,23,3,4,21,7,15,17
1294,1,36,36-44,No,"Travel Rarely",429,"Research & Development",2,4,"Life Sciences",3,Female,53,3,2,"Manufacturing Director",2,Single,5410,5k-10k,2323,9,Yes,11,3,4,0,18,2,3,16,14,5,12
1295,1,44,36-44,Yes,"Travel Rarely",621,"Research & Development",15,3,Medical,1,Female,73,3,3,"Healthcare Representative",4,Married,7978,5k-10k,14075,1,No,11,3,4,1,10,2,3,10,7,0,5
1296,1,28,27-35,No,"Travel Frequently",193,"Research & Development",2,3,"Life Sciences",4,Male,52,2,1,"Laboratory Technician",4,Married,3867,1k-5k,14222,1,Yes,12,3,2,1,2,2,3,2,2,2,2
1297,1,51,45-53,No,"Travel Frequently",968,"Research & Development",6,2,Medical,2,Female,40,2,1,"Laboratory Technician",3,Single,2838,1k-5k,4257,0,No,14,3,2,0,8,6,2,7,0,7,7
1298,1,30,27-35,No,Non-Travel,879,"Research & Development",9,2,Medical,3,Female,72,3,2,"Manufacturing Director",3,Single,4695,1k-5k,12858,7,Yes,18,3,3,0,10,3,3,8,4,1,7
1299,1,29,27-35,Yes,"Travel Rarely",806,"Research & Development",7,3,"Technical Degree",2,Female,39,3,1,"Laboratory Technician",3,Divorced,3339,1k-5k,17285,3,Yes,13,3,1,2,10,2,3,7,7,7,7
1301,1,28,27-35,No,"Travel Rarely",640,"Research & Development",1,3,"Technical Degree",4,Male,84,3,1,"Research Scientist",1,Single,2080,1k-5k,4732,2,No,11,3,2,0,5,2,2,3,2,1,2
1303,1,25,18-26,No,"Travel Rarely",266,"Research & Development",1,3,Medical,4,Female,40,3,1,"Research Scientist",2,Single,2096,1k-5k,18830,1,No,18,3,4,0,2,3,2,2,2,2,1
1304,1,32,27-35,No,"Travel Rarely",604,Sales,8,3,Medical,3,Male,56,4,2,"Sales Executive",4,Married,6209,5k-10k,11693,1,No,15,3,3,2,10,4,4,10,7,0,8
1306,1,45,45-53,No,"Travel Frequently",364,"Research & Development",25,3,Medical,2,Female,83,3,5,Manager,2,Single,18061,15k-20k,13035,3,No,22,4,3,0,22,4,3,0,0,0,0
1307,1,39,36-44,No,"Travel Rarely",412,"Research & Development",13,4,Medical,3,Female,94,2,4,Manager,2,Divorced,17123,15k-20k,17334,6,Yes,13,3,4,2,21,4,3,19,9,15,2
1308,1,58,54-60,No,"Travel Rarely",848,"Research & Development",23,4,"Life Sciences",1,Male,88,3,1,"Research Scientist",3,Divorced,2372,1k-5k,26076,1,No,12,3,4,2,2,3,3,2,2,2,2
1309,1,32,27-35,Yes,"Travel Rarely",1089,"Research & Development",7,2,"Life Sciences",4,Male,79,3,2,"Laboratory Technician",3,Married,4883,1k-5k,22845,1,No,18,3,1,1,10,3,3,10,4,1,1
1310,1,39,36-44,Yes,"Travel Rarely",360,"Research & Development",23,3,Medical,3,Male,93,3,1,"Research Scientist",1,Single,3904,1k-5k,22154,0,No,13,3,1,0,6,2,3,5,2,0,3
1311,1,30,27-35,No,"Travel Rarely",1138,"Research & Development",6,3,"Technical Degree",1,Female,48,2,2,"Laboratory Technician",4,Married,4627,1k-5k,23631,0,No,12,3,1,1,10,6,3,9,2,6,7
1312,1,36,36-44,No,"Travel Rarely",325,"Research & Development",10,4,"Technical Degree",4,Female,63,3,3,"Healthcare Representative",3,Married,7094,5k-10k,5747,3,No,12,3,1,0,10,0,3,7,7,1,7
1314,1,46,45-53,No,"Travel Rarely",991,"Human Resources",1,2,"Life Sciences",4,Female,44,3,1,"Human Resources",1,Single,3423,1k-5k,22957,6,No,12,3,3,0,10,3,4,7,6,5,7
1315,1,28,27-35,No,Non-Travel,1476,"Research & Development",1,3,"Life Sciences",3,Female,55,1,2,"Laboratory Technician",4,Married,6674,5k-10k,16392,0,No,11,3,1,3,10,6,3,9,8,7,5
1317,1,50,45-53,No,"Travel Rarely",1322,"Research & Development",28,3,"Life Sciences",4,Female,43,3,4,"Research Director",1,Married,16880,15k-20k,22422,4,Yes,11,3,2,0,25,2,3,3,2,1,2
1318,1,40,36-44,Yes,"Travel Rarely",299,Sales,25,4,Marketing,4,Male,57,2,3,"Sales Executive",2,Single,9094,5k-10k,17235,2,Yes,12,3,3,0,9,2,3,5,4,1,0
1319,1,52,45-53,Yes,"Travel Rarely",1030,Sales,5,3,"Life Sciences",2,Male,64,3,3,"Sales Executive",2,Single,8446,5k-10k,21534,9,Yes,19,3,3,0,10,2,2,8,7,7,7
1321,1,30,27-35,No,"Travel Rarely",634,"Research & Development",17,4,Medical,2,Female,95,3,3,Manager,1,Married,11916,10k-15k,25927,1,Yes,23,4,4,2,9,2,3,9,1,0,8
1322,1,39,36-44,No,"Travel Rarely",524,"Research & Development",18,2,"Life Sciences",1,Male,32,3,2,"Manufacturing Director",3,Single,4534,1k-5k,13352,0,No,11,3,1,0,9,6,3,8,7,1,7
1324,1,31,27-35,No,Non-Travel,587,Sales,2,4,"Life Sciences",4,Female,57,3,3,"Sales Executive",3,Divorced,9852,5k-10k,8935,1,Yes,19,3,1,1,10,5,2,10,8,9,6
1329,1,41,36-44,No,Non-Travel,256,Sales,10,2,Medical,3,Male,40,1,2,"Sales Executive",2,Single,6151,5k-10k,22074,1,No,13,3,1,0,19,4,3,19,2,11,9
1331,1,31,27-35,Yes,"Travel Frequently",1060,Sales,1,3,"Life Sciences",4,Female,54,3,1,"Sales Representative",2,Single,2302,1k-5k,8319,1,Yes,11,3,1,0,3,2,4,3,2,2,2
1333,1,44,36-44,Yes,"Travel Rarely",935,"Research & Development",3,3,"Life Sciences",1,Male,89,3,1,"Laboratory Technician",1,Married,2362,1k-5k,14669,4,No,12,3,3,0,10,4,4,3,2,1,2
1334,1,42,36-44,No,Non-Travel,495,"Research & Development",2,1,"Life Sciences",3,Male,37,3,4,Manager,3,Married,17861,15k-20k,26582,0,Yes,13,3,4,0,21,3,2,20,8,2,10
1336,1,55,54-60,No,"Travel Rarely",282,"Research & Development",2,2,Medical,4,Female,58,1,5,Manager,3,Married,19187,15k-20k,6992,4,No,14,3,4,1,23,5,3,19,9,9,11
1338,1,56,54-60,No,"Travel Rarely",206,"Human Resources",8,4,"Life Sciences",4,Male,99,3,5,Manager,2,Single,19717,15k-20k,4022,6,No,14,3,1,0,36,4,3,7,3,7,7
1340,1,40,36-44,No,Non-Travel,458,"Research & Development",16,2,"Life Sciences",3,Male,74,3,1,"Research Scientist",3,Divorced,3544,1k-5k,8532,9,No,16,3,2,1,6,0,3,4,2,0,0
1344,1,34,27-35,No,"Travel Rarely",943,"Research & Development",9,3,"Life Sciences",4,Male,86,3,3,"Healthcare Representative",4,Divorced,8500,5k-10k,5494,0,No,11,3,4,1,10,0,2,9,7,1,6
1346,1,40,36-44,No,"Travel Rarely",523,"Research & Development",2,3,"Life Sciences",3,Male,98,3,2,"Research Scientist",4,Single,4661,1k-5k,22455,1,No,13,3,3,0,9,4,3,9,8,8,8
1349,1,41,36-44,No,"Travel Frequently",1018,Sales,1,3,Marketing,3,Female,66,3,2,"Sales Executive",1,Divorced,4103,1k-5k,4297,0,No,17,3,4,1,10,2,3,9,3,1,7
1350,1,35,27-35,No,"Travel Frequently",482,"Research & Development",4,4,"Life Sciences",3,Male,87,3,2,"Research Scientist",3,Single,4249,1k-5k,2690,1,Yes,11,3,2,0,9,3,3,9,6,1,1
1352,1,51,45-53,No,"Travel Rarely",770,"Human Resources",5,3,"Life Sciences",3,Male,84,3,4,Manager,2,Divorced,14026,10k-15k,17588,1,Yes,11,3,2,1,33,2,3,33,9,0,10
1355,1,38,36-44,No,"Travel Rarely",1009,Sales,2,2,"Life Sciences",2,Female,31,3,2,"Sales Executive",1,Divorced,6893,5k-10k,19461,3,No,15,3,4,1,11,3,3,7,7,1,7
1356,1,34,27-35,No,"Travel Rarely",507,Sales,15,2,Medical,3,Female,66,3,2,"Sales Executive",1,Single,6125,5k-10k,23553,1,No,12,3,4,0,10,6,4,10,8,9,6
1358,1,25,18-26,No,"Travel Rarely",882,"Research & Development",19,1,Medical,4,Male,67,3,1,"Laboratory Technician",4,Married,3669,1k-5k,9075,3,No,11,3,3,3,7,6,2,3,2,1,2
1360,1,58,54-60,Yes,"Travel Rarely",601,"Research & Development",7,4,Medical,3,Female,53,2,3,"Manufacturing Director",1,Married,10008,10k-15k,12023,7,Yes,14,3,4,0,31,0,2,10,9,5,9
1361,1,40,36-44,No,"Travel Rarely",329,"Research & Development",1,4,"Life Sciences",2,Male,88,3,1,"Laboratory Technician",2,Married,2387,1k-5k,6762,3,No,22,4,3,1,7,3,3,4,2,0,3
1362,1,36,36-44,No,"Travel Frequently",607,Sales,7,3,Marketing,1,Female,83,4,2,"Sales Executive",1,Married,4639,1k-5k,2261,2,No,16,3,4,1,17,2,2,15,7,6,13
1363,1,48,45-53,No,"Travel Rarely",855,"Research & Development",4,3,"Life Sciences",4,Male,54,3,3,"Manufacturing Director",4,Single,7898,5k-10k,18706,1,No,11,3,3,0,11,2,3,10,9,0,8
1364,1,27,27-35,No,"Travel Rarely",1291,Sales,11,3,Medical,3,Female,98,4,1,"Sales Representative",4,Married,2534,1k-5k,6527,8,No,14,3,2,1,5,4,3,1,0,0,0
1367,1,51,45-53,No,"Travel Rarely",1405,"Research & Development",11,2,"Technical Degree",4,Female,82,2,4,"Manufacturing Director",2,Single,13142,10k-15k,24439,3,No,16,3,2,0,29,1,2,5,2,0,3
1368,1,18,18-26,No,Non-Travel,1124,"Research & Development",1,3,"Life Sciences",4,Female,97,3,1,"Laboratory Technician",4,Single,1611,1k-5k,19305,1,No,15,3,3,0,0,5,4,0,0,0,0
1369,1,35,27-35,No,"Travel Rarely",817,"Research & Development",1,3,Medical,4,Female,60,2,2,"Laboratory Technician",4,Married,5363,5k-10k,10846,0,No,12,3,2,1,10,0,3,9,7,0,0
1371,1,27,27-35,No,"Travel Frequently",793,Sales,2,1,"Life Sciences",4,Male,43,1,2,"Sales Executive",4,Single,5071,5k-10k,20392,3,No,20,4,2,0,8,3,3,6,2,0,0
1372,1,55,54-60,Yes,"Travel Rarely",267,Sales,13,4,Marketing,1,Male,85,4,4,"Sales Executive",3,Single,13695,10k-15k,9277,6,Yes,17,3,3,0,24,2,2,19,7,3,8
1373,1,56,54-60,No,"Travel Rarely",1369,"Research & Development",23,3,"Life Sciences",4,Male,68,3,4,"Manufacturing Director",2,Married,13402,10k-15k,18235,4,Yes,12,3,1,1,33,0,3,19,16,15,9
1374,1,34,27-35,No,Non-Travel,999,"Research & Development",26,1,"Technical Degree",1,Female,92,2,1,"Research Scientist",3,Divorced,2029,1k-5k,15891,1,No,20,4,3,3,5,2,3,5,4,0,0
1375,1,40,36-44,No,"Travel Rarely",1202,"Research & Development",2,1,Medical,2,Female,89,4,2,"Healthcare Representative",3,Divorced,6377,5k-10k,13888,5,No,20,4,2,3,15,0,3,12,11,11,8
1377,1,34,27-35,No,"Travel Rarely",285,"Research & Development",29,3,Medical,2,Male,86,3,2,"Laboratory Technician",3,Married,5429,5k-10k,17491,4,No,13,3,1,2,10,1,3,8,7,7,7
1379,1,31,27-35,Yes,"Travel Frequently",703,Sales,2,3,"Life Sciences",3,Female,90,2,1,"Sales Representative",4,Single,2785,1k-5k,11882,7,No,14,3,3,0,3,3,4,1,0,0,0
1380,1,35,27-35,Yes,"Travel Frequently",662,Sales,18,4,Marketing,4,Female,67,3,2,"Sales Executive",3,Married,4614,1k-5k,23288,0,Yes,18,3,3,1,5,0,2,4,2,3,2
1382,1,38,36-44,No,"Travel Frequently",693,"Research & Development",7,3,"Life Sciences",4,Male,57,4,1,"Research Scientist",3,Divorced,2610,1k-5k,15748,1,No,11,3,4,3,4,2,3,4,2,0,3
1383,1,34,27-35,No,"Travel Rarely",404,"Research & Development",2,4,"Technical Degree",3,Female,98,3,2,"Healthcare Representative",4,Single,6687,5k-10k,6163,1,No,11,3,4,0,14,2,4,14,11,4,11
1387,1,28,27-35,No,"Travel Rarely",736,Sales,26,3,"Life Sciences",3,Male,48,2,2,"Sales Executive",1,Married,4724,1k-5k,24232,1,No,11,3,3,1,5,0,3,5,3,0,4
1389,1,31,27-35,Yes,"Travel Rarely",330,"Research & Development",22,4,Medical,4,Male,98,3,2,"Manufacturing Director",3,Married,6179,5k-10k,21057,1,Yes,15,3,4,2,10,3,2,10,2,6,7
1390,1,39,36-44,No,"Travel Rarely",1498,Sales,21,4,"Life Sciences",1,Male,44,2,2,"Sales Executive",4,Married,6120,5k-10k,3567,3,Yes,12,3,4,2,8,2,4,5,4,1,4
1391,1,51,45-53,No,"Travel Frequently",541,Sales,2,3,Marketing,2,Male,52,3,3,"Sales Executive",2,Married,10596,10k-15k,15395,2,No,11,3,2,0,14,5,3,4,2,3,2
1392,1,41,36-44,No,"Travel Frequently",1200,"Research & Development",22,3,"Life Sciences",4,Female,75,3,2,"Research Scientist",4,Divorced,5467,5k-10k,13953,3,Yes,14,3,1,2,12,4,2,6,2,3,3
1394,1,37,36-44,No,"Travel Rarely",1439,"Research & Development",4,1,"Life Sciences",3,Male,54,3,1,"Research Scientist",3,Married,2996,1k-5k,5182,7,Yes,15,3,4,0,8,2,3,6,4,1,3
1395,1,33,27-35,No,"Travel Frequently",1111,Sales,5,1,"Life Sciences",2,Male,61,3,2,"Sales Executive",4,Married,9998,5k-10k,19293,6,No,13,3,1,0,8,2,4,5,4,1,2
1396,1,32,27-35,No,"Travel Rarely",499,Sales,2,1,Marketing,3,Male,36,3,2,"Sales Executive",2,Married,4078,1k-5k,20497,0,Yes,13,3,1,3,4,3,2,3,2,1,2
1397,1,39,36-44,No,Non-Travel,1485,"Research & Development",25,2,"Life Sciences",3,Male,71,3,3,"Healthcare Representative",3,Married,10920,10k-15k,3449,3,No,21,4,2,1,13,2,3,6,4,0,5
1399,1,25,18-26,No,"Travel Rarely",1372,Sales,18,1,"Life Sciences",1,Male,93,4,2,"Sales Executive",3,Married,6232,5k-10k,12477,2,No,11,3,2,0,6,3,2,3,2,1,2
1401,1,52,45-53,No,"Travel Frequently",322,"Research & Development",28,2,Medical,4,Female,59,4,4,"Manufacturing Director",3,Married,13247,10k-15k,9731,2,Yes,11,3,2,1,24,3,2,5,3,0,2
1402,1,43,36-44,No,"Travel Rarely",930,"Research & Development",6,3,Medical,1,Female,73,2,2,"Research Scientist",3,Single,4081,1k-5k,20003,1,Yes,14,3,1,0,20,3,1,20,7,1,8
1403,1,27,27-35,No,"Travel Rarely",205,Sales,10,3,Marketing,4,Female,98,2,2,"Sales Executive",4,Married,5769,5k-10k,7100,1,Yes,11,3,4,0,6,3,3,6,2,4,4
1405,1,27,27-35,Yes,"Travel Rarely",135,"Research & Development",17,4,"Life Sciences",4,Female,51,3,1,"Research Scientist",3,Single,2394,1k-5k,25681,1,Yes,13,3,4,0,8,2,3,8,2,7,7
1407,1,26,18-26,No,"Travel Rarely",683,"Research & Development",2,1,Medical,1,Male,36,2,1,"Research Scientist",4,Single,3904,1k-5k,4050,0,No,12,3,4,0,5,2,3,4,3,1,1
1408,1,42,36-44,No,"Travel Rarely",1147,"Human Resources",10,3,"Human Resources",3,Female,31,3,4,Manager,1,Married,16799,15k-20k,16616,0,No,14,3,3,1,21,5,3,20,7,0,9
1409,1,52,45-53,No,"Travel Rarely",258,"Research & Development",8,4,Other,3,Female,54,3,1,"Laboratory Technician",1,Married,2950,1k-5k,17363,9,No,13,3,3,0,12,2,1,5,4,0,4
1411,1,37,36-44,No,"Travel Rarely",1462,"Research & Development",11,3,Medical,1,Female,94,3,1,"Laboratory Technician",3,Single,3629,1k-5k,19106,4,No,18,3,1,0,8,6,3,3,2,0,2
1412,1,35,27-35,No,"Travel Frequently",200,"Research & Development",18,2,"Life Sciences",3,Male,60,3,3,"Manufacturing Director",4,Single,9362,5k-10k,19944,2,No,11,3,3,0,10,2,3,2,2,2,2
1415,1,25,18-26,No,"Travel Rarely",949,"Research & Development",1,3,"Technical Degree",1,Male,81,3,1,"Laboratory Technician",4,Married,3229,1k-5k,4910,4,No,11,3,2,1,7,2,2,3,2,0,2
1417,1,26,18-26,No,"Travel Rarely",652,"Research & Development",7,3,Other,3,Male,100,4,1,"Laboratory Technician",1,Single,3578,1k-5k,23577,0,No,12,3,4,0,8,2,3,7,7,0,7
1419,1,29,27-35,No,"Travel Rarely",332,"Human Resources",17,3,Other,2,Male,51,2,3,"Human Resources",1,Single,7988,5k-10k,9769,1,No,13,3,1,0,10,3,2,10,9,0,9
1420,1,49,45-53,Yes,"Travel Frequently",1475,"Research & Development",28,2,"Life Sciences",1,Male,97,2,2,"Laboratory Technician",1,Single,4284,1k-5k,22710,3,No,20,4,1,0,20,2,3,4,3,1,3
1421,1,29,27-35,Yes,"Travel Frequently",337,"Research & Development",14,1,Other,3,Female,84,3,3,"Healthcare Representative",4,Single,7553,5k-10k,22930,0,Yes,12,3,1,0,9,1,3,8,7,7,7
1422,1,54,54-60,No,"Travel Rarely",971,"Research & Development",1,3,Medical,4,Female,54,3,4,"Research Director",4,Single,17328,15k-20k,5652,6,No,19,3,4,0,29,3,2,20,7,12,7
1423,1,58,54-60,No,"Travel Rarely",1055,"Research & Development",1,3,Medical,4,Female,76,3,5,"Research Director",1,Married,19701,15k-20k,22456,3,Yes,21,4,3,1,32,3,3,9,8,1,5
1424,1,55,54-60,No,"Travel Rarely",1136,"Research & Development",1,4,Medical,2,Male,81,4,4,"Research Director",4,Divorced,14732,10k-15k,12414,2,No,13,3,4,2,31,4,4,7,7,0,0
1425,1,36,36-44,No,"Travel Rarely",1174,Sales,3,4,Marketing,1,Female,99,3,2,"Sales Executive",2,Single,9278,5k-10k,20763,3,Yes,16,3,4,0,15,3,3,5,4,0,1
1427,1,31,27-35,Yes,"Travel Frequently",667,Sales,1,4,"Life Sciences",2,Female,50,1,1,"Sales Representative",3,Single,1359,1k-5k,16154,1,No,12,3,2,0,1,3,3,1,0,0,0
1428,1,30,27-35,No,"Travel Rarely",855,Sales,7,4,Marketing,4,Female,73,3,2,"Sales Executive",1,Divorced,4779,1k-5k,12761,7,No,14,3,2,2,8,3,3,3,2,0,2
1430,1,31,27-35,No,"Travel Rarely",182,"Research & Development",8,5,"Life Sciences",1,Female,93,3,4,"Research Director",2,Single,16422,15k-20k,8847,3,No,11,3,3,0,9,3,4,3,2,1,0
1431,1,34,27-35,No,"Travel Frequently",560,"Research & Development",1,4,Other,4,Male,91,3,1,"Research Scientist",1,Divorced,2996,1k-5k,20284,5,No,14,3,3,2,10,2,3,4,3,1,3
1433,1,31,27-35,Yes,"Travel Rarely",202,"Research & Development",8,3,"Life Sciences",1,Female,34,2,1,"Research Scientist",2,Single,1261,1k-5k,22262,1,No,12,3,3,0,1,3,4,1,0,0,0
1434,1,27,27-35,No,"Travel Rarely",1377,"Research & Development",11,1,"Life Sciences",2,Male,91,3,1,"Laboratory Technician",1,Married,2099,1k-5k,7679,0,No,14,3,2,0,6,3,4,5,0,1,4
1435,1,36,36-44,No,"Travel Rarely",172,"Research & Development",4,4,"Life Sciences",1,Male,37,2,2,"Laboratory Technician",4,Single,5810,5k-10k,22604,1,No,16,3,3,0,10,2,2,10,4,1,8
1436,1,36,36-44,No,"Travel Rarely",329,Sales,16,4,Marketing,3,Female,98,2,2,"Sales Executive",1,Married,5647,5k-10k,13494,4,No,13,3,1,2,11,3,2,3,2,0,2
1438,1,47,45-53,No,"Travel Rarely",465,"Research & Development",1,3,"Technical Degree",1,Male,74,3,1,"Research Scientist",4,Married,3420,1k-5k,10205,7,No,12,3,3,1,17,2,2,6,5,1,2
1439,1,25,18-26,Yes,"Travel Rarely",383,Sales,9,2,"Life Sciences",1,Male,68,2,1,"Sales Representative",1,Married,4400,1k-5k,15182,3,No,12,3,1,0,6,2,3,3,2,2,2
1440,1,37,36-44,No,Non-Travel,1413,"Research & Development",5,2,"Technical Degree",3,Male,84,4,1,"Laboratory Technician",3,Single,3500,1k-5k,25470,0,No,14,3,1,0,7,2,1,6,5,1,3
1441,1,56,54-60,No,"Travel Rarely",1255,"Research & Development",1,2,"Life Sciences",1,Female,90,3,1,"Research Scientist",1,Married,2066,1k-5k,10494,2,No,22,4,4,1,5,3,4,3,2,1,0
1443,1,47,45-53,No,"Travel Rarely",359,"Research & Development",2,4,Medical,1,Female,82,3,4,"Research Director",3,Married,17169,15k-20k,26703,3,No,19,3,2,2,26,2,4,20,17,5,6
1445,1,24,18-26,No,"Travel Rarely",1476,Sales,4,1,Medical,4,Female,42,3,2,"Sales Executive",3,Married,4162,1k-5k,15211,1,Yes,12,3,3,2,5,3,3,5,4,0,3
1446,1,32,27-35,No,"Travel Rarely",601,Sales,7,5,Marketing,4,Male,97,3,2,"Sales Executive",4,Married,9204,5k-10k,23343,4,No,12,3,3,1,7,3,2,4,3,0,3
1447,1,34,27-35,No,"Travel Rarely",401,"Research & Development",1,3,"Life Sciences",4,Female,86,2,1,"Laboratory Technician",2,Married,3294,1k-5k,3708,5,No,17,3,1,1,7,2,2,5,4,0,2
1448,1,41,36-44,No,"Travel Rarely",1283,"Research & Development",5,5,Medical,2,Male,90,4,1,"Research Scientist",3,Married,2127,1k-5k,5561,2,Yes,12,3,1,0,7,5,2,4,2,0,3
1449,1,40,36-44,No,Non-Travel,663,"Research & Development",9,4,Other,3,Male,81,3,2,"Laboratory Technician",3,Divorced,3975,1k-5k,23099,3,No,11,3,3,2,11,2,4,8,7,0,7
1453,1,31,27-35,No,"Travel Rarely",326,Sales,8,2,"Life Sciences",1,Male,31,3,3,"Sales Executive",4,Divorced,10793,10k-15k,8386,1,No,18,3,1,1,13,5,3,13,7,9,9
1457,1,46,45-53,Yes,"Travel Rarely",377,Sales,9,3,Marketing,1,Male,52,3,3,"Sales Executive",4,Divorced,10096,10k-15k,15986,4,No,11,3,1,1,28,1,4,7,7,4,3
1458,1,39,36-44,Yes,Non-Travel,592,"Research & Development",2,3,"Life Sciences",1,Female,54,2,1,"Laboratory Technician",1,Single,3646,1k-5k,17181,2,Yes,23,4,2,0,11,2,4,1,0,0,0
1459,1,31,27-35,Yes,"Travel Frequently",1445,"Research & Development",1,5,"Life Sciences",3,Female,100,4,3,"Manufacturing Director",2,Single,7446,5k-10k,8931,1,No,11,3,1,0,10,2,3,10,8,4,7
1460,1,45,45-53,No,"Travel Rarely",1038,"Research & Development",20,3,Medical,2,Male,95,1,3,"Healthcare Representative",1,Divorced,10851,10k-15k,19863,2,Yes,18,3,2,1,24,2,3,7,7,0,7
1461,1,31,27-35,No,"Travel Rarely",1398,"Human Resources",8,2,Medical,4,Female,96,4,1,"Human Resources",2,Single,2109,1k-5k,24609,9,No,18,3,4,0,8,3,3,3,2,0,2
1464,1,31,27-35,Yes,"Travel Frequently",523,"Research & Development",2,3,"Life Sciences",2,Male,94,3,1,"Laboratory Technician",4,Married,3722,1k-5k,21081,6,Yes,13,3,3,1,7,2,1,2,2,2,2
1465,1,45,45-53,No,"Travel Rarely",1448,"Research & Development",29,3,"Technical Degree",2,Male,55,3,3,"Manufacturing Director",4,Married,9380,5k-10k,14720,4,Yes,18,3,4,2,10,4,4,3,1,1,2
1466,1,48,45-53,No,"Travel Rarely",1221,Sales,7,3,Marketing,3,Male,96,3,2,"Sales Executive",1,Divorced,5486,5k-10k,24795,4,No,11,3,1,3,15,3,3,2,2,2,2
1467,1,34,27-35,Yes,"Travel Rarely",1107,"Human Resources",9,4,"Technical Degree",1,Female,52,3,1,"Human Resources",3,Married,2742,1k-5k,3072,1,No,15,3,4,0,2,0,3,2,2,2,2
1468,1,40,36-44,No,Non-Travel,218,"Research & Development",8,1,Medical,4,Male,55,2,3,"Research Director",2,Divorced,13757,10k-15k,25178,2,No,11,3,3,1,16,5,3,9,8,4,8
1469,1,28,27-35,No,"Travel Rarely",866,Sales,5,3,Medical,4,Male,84,3,2,"Sales Executive",1,Single,8463,5k-10k,23490,0,No,18,3,4,0,6,4,3,5,4,1,3
1471,1,44,36-44,No,Non-Travel,981,"Research & Development",5,3,"Life Sciences",3,Male,90,2,1,"Laboratory Technician",3,Single,3162,1k-5k,7973,3,No,14,3,4,0,7,5,3,5,2,0,3
1472,1,53,45-53,No,"Travel Rarely",447,"Research & Development",2,3,Medical,4,Male,39,4,4,"Research Director",2,Single,16598,15k-20k,19764,4,No,12,3,2,0,35,2,2,9,8,8,8
1473,1,49,45-53,No,"Travel Rarely",1495,"Research & Development",5,4,"Technical Degree",1,Male,96,3,2,"Healthcare Representative",3,Married,6651,5k-10k,21534,2,No,14,3,2,1,20,0,2,3,2,1,2
1474,1,40,36-44,No,"Travel Rarely",896,"Research & Development",2,3,Medical,3,Male,68,3,1,"Research Scientist",3,Divorced,2345,1k-5k,8045,2,No,14,3,3,1,8,3,4,3,1,1,2
1475,1,44,36-44,No,"Travel Rarely",1467,"Research & Development",20,3,"Life Sciences",4,Male,49,3,1,"Research Scientist",2,Single,3420,1k-5k,21158,1,No,13,3,3,0,6,3,2,5,2,1,3
1477,1,33,27-35,No,"Travel Frequently",430,Sales,7,3,Medical,4,Male,54,3,2,"Sales Executive",1,Married,4373,1k-5k,17456,0,No,14,3,1,2,5,2,3,4,3,0,3
1478,1,34,27-35,No,"Travel Rarely",1326,Sales,3,3,Other,4,Male,81,1,2,"Sales Executive",1,Single,4759,1k-5k,15891,3,No,18,3,4,0,15,2,3,13,9,3,12
1479,1,30,27-35,No,"Travel Rarely",1358,Sales,16,1,"Life Sciences",4,Male,96,3,2,"Sales Executive",3,Married,5301,5k-10k,2939,8,No,15,3,3,2,4,2,2,2,1,2,2
1480,1,42,36-44,No,"Travel Frequently",748,"Research & Development",9,2,Medical,1,Female,74,3,1,"Laboratory Technician",4,Single,3673,1k-5k,16458,1,No,13,3,3,0,12,3,3,12,9,5,8
1481,1,44,36-44,No,"Travel Frequently",383,Sales,1,5,Marketing,1,Female,79,3,2,"Sales Executive",3,Married,4768,1k-5k,9282,7,No,12,3,3,1,11,4,2,1,0,0,0
1482,1,30,27-35,No,Non-Travel,990,"Research & Development",7,3,"Technical Degree",3,Male,64,3,1,"Research Scientist",3,Divorced,1274,1k-5k,7152,1,No,13,3,2,2,1,2,2,1,0,0,0
1483,1,57,54-60,No,"Travel Rarely",405,"Research & Development",1,2,"Life Sciences",2,Male,93,4,2,"Research Scientist",3,Married,4900,1k-5k,2721,0,No,24,4,1,1,13,2,2,12,9,2,8
1484,1,49,45-53,No,"Travel Rarely",1490,"Research & Development",7,4,"Life Sciences",3,Male,35,3,3,"Healthcare Representative",2,Divorced,10466,10k-15k,20948,3,No,14,3,2,2,29,3,3,8,7,0,7
1485,1,34,27-35,No,"Travel Frequently",829,"Research & Development",15,3,Medical,2,Male,71,3,4,"Research Director",1,Divorced,17007,15k-20k,11929,7,No,14,3,4,2,16,3,2,14,8,6,9
1486,1,28,27-35,Yes,"Travel Frequently",1496,Sales,1,3,"Technical Degree",1,Male,92,3,1,"Sales Representative",3,Married,2909,1k-5k,15747,3,No,15,3,4,1,5,3,4,3,2,1,2
1487,1,29,27-35,Yes,"Travel Frequently",115,Sales,13,3,"Technical Degree",1,Female,51,3,2,"Sales Executive",2,Single,5765,5k-10k,17485,5,No,11,3,1,0,7,4,1,5,3,0,0
1489,1,34,27-35,Yes,"Travel Rarely",790,Sales,24,4,Medical,1,Female,40,2,2,"Sales Executive",2,Single,4599,1k-5k,7815,0,Yes,23,4,3,0,16,2,4,15,9,10,10
1492,1,35,27-35,No,"Travel Rarely",660,Sales,7,1,"Life Sciences",4,Male,76,3,1,"Sales Representative",3,Married,2404,1k-5k,16192,1,No,13,3,1,1,1,3,3,1,0,0,0
1494,1,24,18-26,Yes,"Travel Frequently",381,"Research & Development",9,3,Medical,2,Male,89,3,1,"Laboratory Technician",1,Single,3172,1k-5k,16998,2,Yes,11,3,3,0,4,2,2,0,0,0,0
1495,1,24,18-26,No,Non-Travel,830,Sales,13,2,"Life Sciences",4,Female,78,3,1,"Sales Representative",2,Married,2033,1k-5k,7103,1,No,13,3,3,1,1,2,3,1,0,0,0
1496,1,44,36-44,No,"Travel Frequently",1193,"Research & Development",2,1,Medical,2,Male,86,3,3,"Manufacturing Director",3,Single,10209,10k-15k,19719,5,Yes,18,3,2,0,16,2,2,2,2,2,2
1497,1,29,27-35,No,"Travel Rarely",1246,Sales,19,3,"Life Sciences",3,Male,77,2,2,"Sales Executive",3,Divorced,8620,5k-10k,23757,1,No,14,3,3,2,10,3,3,10,7,0,4
1499,1,30,27-35,No,"Travel Rarely",330,"Human Resources",1,3,"Life Sciences",3,Male,46,3,1,"Human Resources",3,Divorced,2064,1k-5k,15428,0,No,21,4,1,1,6,3,4,5,3,1,3
1501,1,55,54-60,No,"Travel Rarely",1229,"Research & Development",4,4,"Life Sciences",4,Male,30,3,2,"Healthcare Representative",3,Married,4035,1k-5k,16143,0,Yes,16,3,2,0,4,2,3,3,2,1,2
1502,1,33,27-35,No,"Travel Rarely",1099,"Research & Development",4,4,Medical,1,Female,82,2,1,"Laboratory Technician",2,Married,3838,1k-5k,8192,8,No,11,3,4,0,8,5,3,5,4,0,2
1503,1,47,45-53,No,"Travel Rarely",571,Sales,14,3,Medical,3,Female,78,3,2,"Sales Executive",3,Married,4591,1k-5k,24200,3,Yes,17,3,3,1,11,4,2,5,4,1,2
1504,1,28,27-35,Yes,"Travel Frequently",289,"Research & Development",2,2,Medical,3,Male,38,2,1,"Laboratory Technician",1,Single,2561,1k-5k,5355,7,No,11,3,3,0,8,2,2,0,0,0,0
1506,1,28,27-35,No,"Travel Rarely",1423,"Research & Development",1,3,"Life Sciences",1,Male,72,2,1,"Research Scientist",3,Divorced,1563,1k-5k,12530,1,No,14,3,4,1,1,2,1,1,0,0,0
1507,1,28,27-35,No,"Travel Frequently",467,Sales,7,3,"Life Sciences",3,Male,55,3,2,"Sales Executive",1,Single,4898,1k-5k,11827,0,No,14,3,4,0,5,5,3,4,2,1,3
1509,1,49,45-53,No,"Travel Rarely",271,"Research & Development",3,2,Medical,3,Female,43,2,2,"Laboratory Technician",1,Married,4789,1k-5k,23070,4,No,25,4,1,1,10,3,3,3,2,1,2
1513,1,29,27-35,No,"Travel Frequently",410,"Research & Development",2,1,"Life Sciences",4,Female,97,3,1,"Laboratory Technician",2,Married,3180,1k-5k,4668,0,No,13,3,3,3,4,3,3,3,2,0,2
1514,1,28,27-35,No,"Travel Rarely",1083,"Research & Development",29,1,"Life Sciences",3,Male,96,1,2,"Manufacturing Director",2,Married,6549,5k-10k,3173,1,No,14,3,2,2,8,2,2,8,6,1,7
1515,1,33,27-35,No,"Travel Rarely",516,"Research & Development",8,5,"Life Sciences",4,Male,69,3,2,"Healthcare Representative",3,Single,6388,5k-10k,22049,2,Yes,17,3,1,0,14,6,3,0,0,0,0
1516,1,32,27-35,No,"Travel Rarely",495,"Research & Development",10,3,Medical,3,Male,64,3,3,Manager,4,Single,11244,10k-15k,21072,2,No,25,4,2,0,10,5,4,5,2,0,0
1520,1,54,54-60,No,"Travel Frequently",1050,"Research & Development",11,4,Medical,2,Female,87,3,4,Manager,4,Divorced,16032,15k-20k,24456,3,No,20,4,1,1,26,2,3,14,9,1,12
1522,1,29,27-35,Yes,"Travel Rarely",224,"Research & Development",1,4,"Technical Degree",1,Male,100,2,1,"Research Scientist",1,Single,2362,1k-5k,7568,6,No,13,3,3,0,11,2,1,9,7,0,7
1523,1,44,36-44,No,"Travel Rarely",136,"Research & Development",28,3,"Life Sciences",4,Male,32,3,4,"Research Director",1,Married,16328,15k-20k,22074,3,No,13,3,3,1,24,1,4,20,6,14,17
1525,1,39,36-44,No,"Travel Rarely",1089,"Research & Development",6,3,"Life Sciences",2,Female,32,3,3,"Manufacturing Director",2,Single,8376,5k-10k,9150,4,No,18,3,4,0,9,3,3,2,0,2,2
1527,1,46,45-53,No,"Travel Rarely",228,Sales,3,3,"Life Sciences",3,Female,51,3,4,Manager,2,Married,16606,15k-20k,11380,8,No,12,3,4,1,23,2,4,13,12,5,1
1529,1,35,27-35,No,"Travel Rarely",1029,"Research & Development",16,3,"Life Sciences",4,Female,91,2,3,"Healthcare Representative",2,Single,8606,5k-10k,21195,1,No,19,3,4,0,11,3,1,11,8,3,3
1533,1,23,18-26,No,"Travel Rarely",507,"Research & Development",20,1,"Life Sciences",1,Male,97,3,2,"Laboratory Technician",3,Single,2272,1k-5k,24812,0,No,14,3,2,0,5,2,3,4,3,1,2
1534,1,40,36-44,Yes,"Travel Rarely",676,"Research & Development",9,4,"Life Sciences",4,Male,86,3,1,"Laboratory Technician",1,Single,2018,1k-5k,21831,3,No,14,3,2,0,15,3,1,5,4,1,0
1535,1,34,27-35,No,"Travel Rarely",971,Sales,1,3,"Technical Degree",4,Male,64,2,3,"Sales Executive",3,Married,7083,5k-10k,12288,1,Yes,14,3,4,0,10,3,3,10,9,8,6
1537,1,31,27-35,Yes,"Travel Frequently",561,"Research & Development",3,3,"Life Sciences",4,Female,33,3,1,"Research Scientist",3,Single,4084,1k-5k,4156,1,No,12,3,1,0,7,2,1,7,2,7,7
1539,1,50,45-53,No,"Travel Frequently",333,"Research & Development",22,5,Medical,3,Male,88,1,4,"Research Director",4,Single,14411,10k-15k,24450,1,Yes,13,3,4,0,32,2,3,32,6,13,9
1541,1,34,27-35,No,"Travel Rarely",1440,Sales,7,2,"Technical Degree",2,Male,55,3,1,"Sales Representative",3,Married,2308,1k-5k,4944,0,Yes,25,4,2,1,12,4,3,11,10,5,7
1542,1,42,36-44,No,"Travel Rarely",1210,"Research & Development",2,3,Medical,3,Male,68,2,1,"Laboratory Technician",2,Married,4841,1k-5k,24052,4,No,14,3,2,1,4,3,3,1,0,0,0
1543,1,37,36-44,No,"Travel Rarely",674,"Research & Development",13,3,Medical,1,Male,47,3,2,"Research Scientist",4,Married,4285,1k-5k,3031,1,No,17,3,1,0,10,2,3,10,8,3,7
1544,1,29,27-35,No,"Travel Rarely",441,"Research & Development",8,1,Other,3,Female,39,1,2,"Healthcare Representative",1,Married,9715,5k-10k,7288,3,No,13,3,3,1,9,3,3,7,7,0,7
1545,1,33,27-35,No,"Travel Rarely",575,"Research & Development",25,3,"Life Sciences",4,Male,44,2,2,"Manufacturing Director",2,Single,4320,1k-5k,24152,1,No,13,3,4,0,5,2,3,5,3,0,2
1546,1,45,45-53,No,"Travel Rarely",950,"Research & Development",28,3,"Technical Degree",4,Male,97,3,1,"Research Scientist",4,Married,2132,1k-5k,4585,4,No,20,4,4,1,8,3,3,5,4,0,3
1547,1,42,36-44,No,"Travel Frequently",288,"Research & Development",2,3,"Life Sciences",4,Male,40,3,3,"Healthcare Representative",4,Married,10124,10k-15k,18611,2,Yes,14,3,3,1,24,3,1,20,8,13,9
1548,1,40,36-44,No,"Travel Rarely",1342,Sales,9,2,Medical,1,Male,47,3,2,"Sales Executive",1,Married,5473,5k-10k,19345,0,No,12,3,4,0,9,5,4,8,4,7,1
1549,1,33,27-35,No,"Travel Rarely",589,"Research & Development",28,4,"Life Sciences",2,Male,79,3,2,"Laboratory Technician",3,Married,5207,5k-10k,22949,1,Yes,12,3,2,1,15,3,3,15,14,5,7
1550,1,40,36-44,No,"Travel Rarely",898,"Human Resources",6,2,Medical,3,Male,38,3,4,Manager,4,Single,16437,15k-20k,17381,1,Yes,21,4,4,0,21,2,3,21,7,7,7
1551,1,24,18-26,No,"Travel Rarely",350,"Research & Development",21,2,"Technical Degree",3,Male,57,2,1,"Laboratory Technician",1,Divorced,2296,1k-5k,10036,0,No,14,3,2,3,2,3,3,1,1,0,0
1552,1,40,36-44,No,Non-Travel,1142,"Research & Development",8,2,"Life Sciences",4,Male,72,3,2,"Healthcare Representative",4,Divorced,4069,1k-5k,8841,3,Yes,18,3,3,0,8,2,3,2,2,2,2
1553,1,45,45-53,No,"Travel Rarely",538,"Research & Development",1,4,"Technical Degree",1,Male,66,3,3,"Healthcare Representative",2,Divorced,7441,5k-10k,20933,1,No,12,3,1,3,10,4,3,10,8,7,7
1554,1,35,27-35,No,"Travel Rarely",1402,Sales,28,4,"Life Sciences",2,Female,98,2,1,"Sales Representative",3,Married,2430,1k-5k,26204,0,No,23,4,1,2,6,5,3,5,3,4,2
1555,1,32,27-35,No,"Travel Rarely",824,"Research & Development",5,2,"Life Sciences",4,Female,67,2,2,"Research Scientist",2,Married,5878,5k-10k,15624,3,No,12,3,1,1,12,2,3,7,1,2,5
1556,1,36,36-44,No,"Travel Rarely",1157,Sales,2,4,"Life Sciences",3,Male,70,3,1,"Sales Representative",4,Single,2644,1k-5k,17001,3,Yes,21,4,4,0,7,3,2,3,2,1,2
1557,1,48,45-53,No,"Travel Rarely",492,Sales,16,4,"Life Sciences",3,Female,96,3,2,"Sales Executive",3,Divorced,6439,5k-10k,13693,8,No,14,3,3,1,18,2,3,8,7,7,7
1558,1,29,27-35,No,"Travel Rarely",598,"Research & Development",9,3,"Life Sciences",3,Male,91,4,1,"Research Scientist",3,Married,2451,1k-5k,22376,6,No,18,3,1,2,5,2,2,1,0,0,0
1560,1,33,27-35,No,"Travel Rarely",1242,Sales,8,4,"Life Sciences",1,Male,46,3,2,"Sales Executive",1,Married,6392,5k-10k,10589,2,No,13,3,4,1,8,6,1,2,2,2,2
1562,1,30,27-35,Yes,"Travel Rarely",740,Sales,1,3,"Life Sciences",2,Male,64,2,2,"Sales Executive",1,Married,9714,5k-10k,5323,1,No,11,3,4,1,10,4,3,10,8,6,7
1563,1,38,36-44,No,"Travel Frequently",888,"Human Resources",10,4,"Human Resources",3,Male,71,3,2,"Human Resources",3,Married,6077,5k-10k,14814,3,No,11,3,3,0,10,2,3,6,3,1,2
1564,1,35,27-35,No,"Travel Rarely",992,"Research & Development",1,3,Medical,4,Male,68,2,1,"Laboratory Technician",1,Single,2450,1k-5k,21731,1,No,19,3,2,0,3,3,3,3,0,1,2
1568,1,30,27-35,No,"Travel Rarely",1288,Sales,29,4,"Technical Degree",3,Male,33,3,3,"Sales Executive",2,Married,9250,5k-10k,17799,3,No,12,3,2,1,9,3,3,4,2,1,3
1569,1,35,27-35,Yes,"Travel Rarely",104,"Research & Development",2,3,"Life Sciences",1,Female,69,3,1,"Laboratory Technician",1,Divorced,2074,1k-5k,26619,1,Yes,12,3,4,1,1,2,3,1,0,0,0
1572,1,53,45-53,Yes,"Travel Rarely",607,"Research & Development",2,5,"Technical Degree",3,Female,78,2,3,"Manufacturing Director",4,Married,10169,10k-15k,14618,0,No,16,3,2,1,34,4,3,33,7,1,9
1573,1,38,36-44,Yes,"Travel Rarely",903,"Research & Development",2,3,Medical,3,Male,81,3,2,"Manufacturing Director",2,Married,4855,1k-5k,7653,4,No,11,3,1,2,7,2,3,5,2,1,4
1574,1,32,27-35,No,Non-Travel,1200,"Research & Development",1,4,"Technical Degree",4,Male,62,3,2,"Research Scientist",1,Married,4087,1k-5k,25174,4,No,14,3,2,1,9,3,2,6,5,1,2
1576,1,48,45-53,No,"Travel Rarely",1108,"Research & Development",15,4,Other,3,Female,65,3,1,"Research Scientist",1,Married,2367,1k-5k,16530,8,No,12,3,4,1,10,3,2,8,2,7,6
1577,1,34,27-35,No,"Travel Rarely",479,"Research & Development",7,4,Medical,1,Male,35,3,1,"Research Scientist",4,Single,2972,1k-5k,22061,1,No,13,3,3,0,1,4,1,1,0,0,0
1578,1,55,54-60,No,"Travel Rarely",685,Sales,26,5,Marketing,3,Male,60,2,5,Manager,4,Married,19586,15k-20k,23037,1,No,21,4,3,1,36,3,3,36,6,2,13
1580,1,34,27-35,No,"Travel Rarely",1351,"Research & Development",1,4,"Life Sciences",2,Male,45,3,2,"Research Scientist",4,Married,5484,5k-10k,13008,9,No,17,3,2,1,9,3,2,2,2,2,1
1581,1,26,18-26,No,"Travel Rarely",474,"Research & Development",3,3,"Life Sciences",1,Female,89,3,1,"Research Scientist",4,Married,2061,1k-5k,11133,1,No,21,4,1,0,1,5,3,1,0,0,0
1582,1,38,36-44,No,"Travel Rarely",1245,Sales,14,3,"Life Sciences",3,Male,80,3,2,"Sales Executive",2,Married,9924,5k-10k,12355,0,No,11,3,4,1,10,3,3,9,8,7,7
1583,1,38,36-44,No,"Travel Rarely",437,Sales,16,3,"Life Sciences",2,Female,90,3,2,"Sales Executive",2,Single,4198,1k-5k,16379,2,No,12,3,2,0,8,5,4,3,2,1,2
1585,1,36,36-44,No,"Travel Rarely",884,Sales,1,4,"Life Sciences",2,Female,73,3,2,"Sales Executive",3,Single,6815,5k-10k,21447,6,No,13,3,1,0,15,5,3,1,0,0,0
1586,1,29,27-35,No,"Travel Rarely",1370,"Research & Development",3,1,Medical,2,Male,87,3,1,"Laboratory Technician",1,Single,4723,1k-5k,16213,1,Yes,18,3,4,0,10,3,3,10,9,1,5
1587,1,35,27-35,No,"Travel Rarely",670,"Research & Development",10,4,Medical,1,Female,51,3,2,"Healthcare Representative",3,Single,6142,5k-10k,4223,3,Yes,16,3,3,0,10,4,3,5,2,0,4
1588,1,39,36-44,No,"Travel Rarely",1462,Sales,6,3,Medical,4,Male,38,4,3,"Sales Executive",3,Married,8237,5k-10k,4658,2,No,11,3,1,1,11,3,3,7,6,7,6
1590,1,29,27-35,No,"Travel Frequently",995,"Research & Development",2,1,"Life Sciences",1,Male,87,3,2,"Healthcare Representative",4,Divorced,8853,5k-10k,24483,1,No,19,3,4,1,6,0,4,6,4,1,3
1591,1,50,45-53,No,"Travel Rarely",264,Sales,9,3,Marketing,3,Male,59,3,5,Manager,3,Married,19331,15k-20k,19519,4,Yes,16,3,3,1,27,2,3,1,0,0,0
1592,1,23,18-26,No,"Travel Rarely",977,"Research & Development",10,3,"Technical Degree",4,Male,45,4,1,"Research Scientist",3,Married,2073,1k-5k,12826,2,No,16,3,4,1,4,2,3,2,2,2,2
1594,1,36,36-44,No,"Travel Frequently",1302,"Research & Development",6,4,"Life Sciences",1,Male,80,4,2,"Laboratory Technician",1,Married,5562,5k-10k,19711,3,Yes,13,3,4,1,9,3,3,3,2,0,2
1595,1,42,36-44,No,"Travel Rarely",1059,"Research & Development",9,2,Other,4,Male,93,2,5,Manager,4,Single,19613,15k-20k,26362,8,No,22,4,4,0,24,2,3,1,0,0,1
1596,1,35,27-35,No,"Travel Rarely",750,"Research & Development",28,3,"Life Sciences",2,Male,46,4,2,"Laboratory Technician",3,Married,3407,1k-5k,25348,1,No,17,3,4,2,10,3,2,10,9,6,8
1597,1,34,27-35,No,"Travel Frequently",653,"Research & Development",10,4,"Technical Degree",4,Male,92,2,2,"Healthcare Representative",3,Married,5063,5k-10k,15332,1,No,14,3,2,1,8,3,2,8,2,7,7
1598,1,40,36-44,No,"Travel Rarely",118,Sales,14,2,"Life Sciences",4,Female,84,3,2,"Sales Executive",1,Married,4639,1k-5k,11262,1,No,15,3,3,1,5,2,3,5,4,1,2
1599,1,43,36-44,No,"Travel Rarely",990,"Research & Development",27,3,"Technical Degree",4,Male,87,4,1,"Laboratory Technician",2,Divorced,4876,1k-5k,5855,5,No,12,3,3,1,8,0,3,6,4,0,2
1601,1,35,27-35,No,"Travel Rarely",1349,"Research & Development",7,2,"Life Sciences",3,Male,63,2,1,"Laboratory Technician",4,Married,2690,1k-5k,7713,1,No,18,3,4,1,1,5,2,1,0,0,1
1602,1,46,45-53,No,"Travel Rarely",563,Sales,1,4,"Life Sciences",4,Male,56,4,4,Manager,1,Single,17567,15k-20k,3156,1,No,15,3,2,0,27,5,1,26,0,0,12
1604,1,28,27-35,Yes,"Travel Rarely",329,"Research & Development",24,3,Medical,3,Male,51,3,1,"Laboratory Technician",2,Married,2408,1k-5k,7324,1,Yes,17,3,3,3,1,3,3,1,1,0,0
1605,1,22,18-26,No,Non-Travel,457,"Research & Development",26,2,Other,2,Female,85,2,1,"Research Scientist",3,Married,2814,1k-5k,10293,1,Yes,14,3,2,0,4,2,2,4,2,1,3
1606,1,50,45-53,No,"Travel Frequently",1234,"Research & Development",20,5,Medical,2,Male,41,3,4,"Healthcare Representative",3,Married,11245,10k-15k,20689,2,Yes,15,3,3,1,32,3,3,30,8,12,13
1607,1,32,27-35,No,"Travel Rarely",634,"Research & Development",5,4,Other,2,Female,35,4,1,"Research Scientist",4,Married,3312,1k-5k,18783,3,No,17,3,4,2,6,3,3,3,2,0,2
1608,1,44,36-44,No,"Travel Rarely",1313,"Research & Development",7,3,Medical,2,Female,31,3,5,"Research Director",4,Divorced,19049,15k-20k,3549,0,Yes,14,3,4,1,23,4,2,22,7,1,10
1609,1,30,27-35,No,"Travel Rarely",241,"Research & Development",7,3,Medical,2,Male,48,2,1,"Research Scientist",2,Married,2141,1k-5k,5348,1,No,12,3,2,1,6,3,2,6,4,1,1
1611,1,45,45-53,No,"Travel Rarely",1015,"Research & Development",5,5,Medical,3,Female,50,1,2,"Laboratory Technician",1,Single,5769,5k-10k,23447,1,Yes,14,3,1,0,10,3,3,10,7,1,4
1612,1,45,45-53,No,Non-Travel,336,Sales,26,3,Marketing,1,Male,52,2,2,"Sales Executive",1,Married,4385,1k-5k,24162,1,No,15,3,1,1,10,2,3,10,7,4,5
1613,1,31,27-35,No,"Travel Frequently",715,Sales,2,4,Other,4,Male,54,3,2,"Sales Executive",1,Single,5332,5k-10k,21602,7,No,13,3,4,0,10,3,3,5,2,0,3
1614,1,36,36-44,No,"Travel Rarely",559,"Research & Development",12,4,"Life Sciences",3,Female,76,3,2,"Manufacturing Director",3,Married,4663,1k-5k,12421,9,Yes,12,3,2,2,7,2,3,3,2,1,1
1615,1,34,27-35,No,"Travel Frequently",426,"Research & Development",10,4,"Life Sciences",3,Male,42,4,2,"Manufacturing Director",4,Divorced,4724,1k-5k,17000,1,No,13,3,1,1,9,3,3,9,7,7,2
1617,1,49,45-53,No,"Travel Rarely",722,"Research & Development",25,4,"Life Sciences",3,Female,84,3,1,"Laboratory Technician",1,Married,3211,1k-5k,22102,1,No,14,3,4,1,10,3,2,9,6,1,4
1618,1,39,36-44,No,"Travel Rarely",1387,"Research & Development",10,5,Medical,2,Male,76,3,2,"Manufacturing Director",1,Married,5377,5k-10k,3835,2,No,13,3,4,3,10,3,3,7,7,7,7
1619,1,27,27-35,No,"Travel Rarely",1302,"Research & Development",19,3,Other,4,Male,67,2,1,"Laboratory Technician",1,Divorced,4066,1k-5k,16290,1,No,11,3,1,2,7,3,3,7,7,0,7
1621,1,35,27-35,No,"Travel Rarely",819,"Research & Development",18,5,"Life Sciences",2,Male,48,4,2,"Research Scientist",1,Married,5208,5k-10k,26312,1,No,11,3,4,0,16,2,3,16,15,1,10
1622,1,28,27-35,No,"Travel Rarely",580,"Research & Development",27,3,Medical,2,Female,39,1,2,"Manufacturing Director",1,Divorced,4877,1k-5k,20460,0,No,21,4,2,1,6,5,2,5,3,0,0
1623,1,21,18-26,No,"Travel Rarely",546,"Research & Development",5,1,Medical,3,Male,97,3,1,"Research Scientist",4,Single,3117,1k-5k,26009,1,No,18,3,3,0,3,2,3,2,2,2,2
1624,1,18,18-26,Yes,"Travel Frequently",544,Sales,3,2,Medical,2,Female,70,3,1,"Sales Representative",4,Single,1569,1k-5k,18420,1,Yes,12,3,3,0,0,2,4,0,0,0,0
1625,1,47,45-53,No,"Travel Rarely",1176,"Human Resources",26,4,"Life Sciences",4,Female,98,3,5,Manager,3,Married,19658,15k-20k,5220,3,No,11,3,3,1,27,2,3,5,2,1,0
1627,1,39,36-44,No,"Travel Rarely",170,"Research & Development",3,2,Medical,3,Male,76,2,2,"Laboratory Technician",3,Divorced,3069,1k-5k,10302,0,No,15,3,4,1,11,3,3,10,8,0,7
1628,1,40,36-44,No,"Travel Rarely",884,"Research & Development",15,3,"Life Sciences",1,Female,80,2,3,"Manufacturing Director",3,Married,10435,10k-15k,25800,1,No,13,3,4,2,18,2,3,18,15,14,12
1630,1,35,27-35,No,Non-Travel,208,"Research & Development",8,4,"Life Sciences",3,Female,52,3,2,"Healthcare Representative",3,Married,4148,1k-5k,12250,1,No,12,3,4,1,15,5,3,14,11,2,9
1631,1,37,36-44,No,"Travel Rarely",671,"Research & Development",19,3,"Life Sciences",3,Male,85,3,2,"Manufacturing Director",3,Married,5768,5k-10k,26493,3,No,17,3,1,3,9,2,2,4,3,0,2
1633,1,39,36-44,No,"Travel Frequently",711,"Research & Development",4,3,Medical,1,Female,81,3,2,"Manufacturing Director",3,Single,5042,5k-10k,3140,0,No,13,3,4,0,10,2,1,9,2,3,8
1635,1,45,45-53,No,"Travel Rarely",1329,"Research & Development",2,2,Other,4,Female,59,2,2,"Manufacturing Director",4,Divorced,5770,5k-10k,5388,1,No,19,3,1,2,10,3,3,10,7,3,9
1638,1,38,36-44,No,"Travel Rarely",397,"Research & Development",2,2,Medical,4,Female,54,2,3,"Manufacturing Director",3,Married,7756,5k-10k,14199,3,Yes,19,3,4,1,10,6,4,5,4,0,2
1639,1,35,27-35,Yes,"Travel Rarely",737,Sales,10,3,Medical,4,Male,55,2,3,"Sales Executive",1,Married,10306,10k-15k,21530,9,No,17,3,3,0,15,3,3,13,12,6,0
1640,1,37,36-44,No,"Travel Rarely",1470,"Research & Development",10,3,Medical,2,Female,71,3,1,"Research Scientist",2,Married,3936,1k-5k,9953,1,No,11,3,1,1,8,2,1,8,4,7,7
1641,1,40,36-44,No,"Travel Rarely",448,"Research & Development",16,3,"Life Sciences",3,Female,84,3,3,"Manufacturing Director",4,Single,7945,5k-10k,19948,6,Yes,15,3,4,0,18,2,2,4,2,3,3
1642,1,44,36-44,No,"Travel Frequently",602,"Human Resources",1,5,"Human Resources",1,Male,37,3,2,"Human Resources",4,Married,5743,5k-10k,10503,4,Yes,11,3,3,0,14,3,3,10,7,0,2
1644,1,48,45-53,No,"Travel Frequently",365,"Research & Development",4,5,Medical,3,Male,89,2,4,Manager,4,Married,15202,15k-20k,5602,2,No,25,4,2,1,23,3,3,2,2,2,2
1645,1,35,27-35,Yes,"Travel Rarely",763,Sales,15,2,Medical,1,Male,59,1,2,"Sales Executive",4,Divorced,5440,5k-10k,22098,6,Yes,14,3,4,2,7,2,2,2,2,2,2
1646,1,24,18-26,No,"Travel Frequently",567,"Research & Development",2,1,"Technical Degree",1,Female,32,3,1,"Research Scientist",4,Single,3760,1k-5k,17218,1,Yes,13,3,3,0,6,2,3,6,3,1,3
1647,1,27,27-35,No,"Travel Rarely",486,"Research & Development",8,3,Medical,2,Female,86,4,1,"Research Scientist",3,Married,3517,1k-5k,22490,7,No,17,3,1,0,5,0,3,3,2,0,2
1648,1,27,27-35,No,"Travel Frequently",591,"Research & Development",2,3,Medical,4,Male,87,3,1,"Research Scientist",4,Single,2580,1k-5k,6297,2,No,13,3,3,0,6,0,2,4,2,1,2
1649,1,40,36-44,Yes,"Travel Rarely",1329,"Research & Development",7,3,"Life Sciences",1,Male,73,3,1,"Laboratory Technician",1,Single,2166,1k-5k,3339,3,Yes,14,3,2,0,10,3,1,4,2,0,3
1650,1,29,27-35,No,"Travel Rarely",469,Sales,10,3,Medical,3,Male,42,2,2,"Sales Executive",3,Single,5869,5k-10k,23413,9,No,11,3,3,0,8,2,3,5,2,1,4
1651,1,36,36-44,No,"Travel Rarely",711,"Research & Development",5,4,"Life Sciences",2,Female,42,3,3,"Healthcare Representative",1,Married,8008,5k-10k,22792,4,No,12,3,3,2,9,6,3,3,2,0,2
1653,1,25,18-26,No,"Travel Frequently",772,"Research & Development",2,1,"Life Sciences",4,Male,77,4,2,"Manufacturing Director",3,Divorced,5206,5k-10k,4973,1,No,17,3,3,2,7,6,3,7,7,0,7
1654,1,39,36-44,No,"Travel Rarely",492,"Research & Development",12,3,Medical,4,Male,66,3,2,"Manufacturing Director",2,Married,5295,5k-10k,7693,4,No,21,4,3,0,7,3,3,5,4,1,0
1655,1,49,45-53,No,"Travel Rarely",301,"Research & Development",22,4,Other,1,Female,72,3,4,"Research Director",2,Married,16413,15k-20k,3498,3,No,16,3,2,2,27,2,3,4,2,1,2
1656,1,50,45-53,No,"Travel Rarely",813,"Research & Development",17,5,"Life Sciences",4,Female,50,2,3,"Research Director",1,Divorced,13269,10k-15k,21981,5,No,15,3,3,3,19,3,3,14,11,1,11
1657,1,20,18-26,No,"Travel Rarely",1141,Sales,2,3,Medical,3,Female,31,3,1,"Sales Representative",3,Single,2783,1k-5k,13251,1,No,19,3,1,0,2,3,3,2,2,2,2
1658,1,34,27-35,No,"Travel Rarely",1130,"Research & Development",3,3,"Life Sciences",4,Female,66,3,2,"Research Scientist",2,Divorced,5433,5k-10k,19332,1,No,12,3,3,1,11,2,3,11,8,7,9
1659,1,36,36-44,No,"Travel Rarely",311,"Research & Development",7,3,"Life Sciences",1,Male,77,3,1,"Laboratory Technician",2,Single,2013,1k-5k,10950,2,No,11,3,3,0,15,4,3,4,3,1,3
1661,1,49,45-53,No,"Travel Rarely",465,"Research & Development",6,1,"Life Sciences",3,Female,41,2,4,"Healthcare Representative",3,Married,13966,10k-15k,11652,2,Yes,19,3,2,1,30,3,3,15,11,2,12
1662,1,36,36-44,No,Non-Travel,894,"Research & Development",1,4,Medical,4,Female,33,2,2,"Manufacturing Director",3,Married,4374,1k-5k,15411,0,No,15,3,3,0,4,6,3,3,2,1,2
1664,1,36,36-44,No,"Travel Rarely",1040,"Research & Development",3,2,"Life Sciences",4,Male,79,4,2,"Healthcare Representative",1,Divorced,6842,5k-10k,26308,6,No,20,4,1,1,13,3,3,5,4,0,4
1665,1,54,54-60,No,"Travel Rarely",584,"Research & Development",22,5,Medical,2,Female,91,3,4,Manager,3,Married,17426,15k-20k,18685,3,No,25,4,3,1,36,6,3,10,8,4,7
1666,1,43,36-44,No,"Travel Rarely",1291,"Research & Development",15,2,"Life Sciences",3,Male,65,2,4,"Research Director",3,Married,17603,15k-20k,3525,1,No,24,4,1,1,14,3,3,14,10,6,11
1667,1,35,27-35,Yes,"Travel Frequently",880,Sales,12,4,Other,4,Male,36,3,2,"Sales Executive",4,Single,4581,1k-5k,10414,3,Yes,24,4,1,0,13,2,4,11,9,6,7
1668,1,38,36-44,No,"Travel Frequently",1189,"Research & Development",1,3,"Life Sciences",4,Male,90,3,2,"Research Scientist",4,Married,4735,1k-5k,9867,7,No,15,3,4,2,19,4,4,13,11,2,9
1669,1,29,27-35,No,"Travel Rarely",991,Sales,5,3,Medical,1,Male,43,2,2,"Sales Executive",2,Divorced,4187,1k-5k,3356,1,Yes,13,3,2,1,10,3,2,10,0,0,9
1670,1,33,27-35,No,"Travel Rarely",392,Sales,2,4,Medical,4,Male,93,3,2,"Sales Executive",4,Divorced,5505,5k-10k,3921,1,No,14,3,3,2,6,5,3,6,2,0,4
1671,1,32,27-35,No,"Travel Rarely",977,"Research & Development",2,3,Medical,4,Male,45,3,2,"Research Scientist",2,Divorced,5470,5k-10k,25518,0,No,13,3,3,2,10,4,2,9,5,1,6
1673,1,31,27-35,No,"Travel Rarely",1112,Sales,5,4,"Life Sciences",1,Female,67,3,2,"Sales Executive",4,Married,5476,5k-10k,22589,1,No,11,3,1,2,10,2,3,10,0,0,2
1674,1,49,45-53,No,"Travel Rarely",464,"Research & Development",16,3,Medical,4,Female,74,3,1,"Laboratory Technician",1,Divorced,2587,1k-5k,24941,4,Yes,16,3,2,1,17,2,2,2,2,2,2
1675,1,38,36-44,No,"Travel Frequently",148,"Research & Development",2,3,Medical,4,Female,42,2,1,"Laboratory Technician",2,Single,2440,1k-5k,23826,1,No,22,4,2,0,4,3,3,4,3,3,3
1676,1,47,45-53,No,"Travel Rarely",1225,Sales,2,4,"Life Sciences",2,Female,47,4,4,Manager,2,Divorced,15972,15k-20k,21086,6,No,14,3,3,3,29,2,3,3,2,1,2
1677,1,49,45-53,No,"Travel Rarely",809,"Research & Development",1,3,"Life Sciences",3,Male,36,3,4,Manager,3,Single,15379,15k-20k,22384,4,No,14,3,1,0,23,2,3,8,7,0,0
1678,1,41,36-44,No,"Travel Rarely",1206,Sales,23,2,"Life Sciences",4,Male,80,3,3,"Sales Executive",3,Single,7082,5k-10k,11591,3,Yes,16,3,4,0,21,2,3,2,0,0,2
1680,1,20,18-26,No,"Travel Rarely",727,Sales,9,1,"Life Sciences",4,Male,54,3,1,"Sales Representative",1,Single,2728,1k-5k,21082,1,No,11,3,1,0,2,3,3,2,2,0,2
1681,1,33,27-35,No,Non-Travel,530,Sales,16,3,"Life Sciences",3,Female,36,3,2,"Sales Executive",4,Divorced,5368,5k-10k,16130,1,Yes,25,4,3,1,7,2,3,6,5,1,2
1682,1,36,36-44,No,"Travel Rarely",1351,"Research & Development",26,4,"Life Sciences",1,Male,80,3,2,"Healthcare Representative",3,Married,5347,5k-10k,7419,6,No,14,3,2,2,10,2,2,3,2,0,2
1683,1,44,36-44,No,"Travel Rarely",528,"Human Resources",1,3,"Life Sciences",3,Female,44,3,1,"Human Resources",4,Divorced,3195,1k-5k,4167,4,Yes,18,3,1,3,8,2,3,2,2,2,2
1684,1,23,18-26,Yes,"Travel Rarely",1320,"Research & Development",8,1,Medical,4,Male,93,2,1,"Laboratory Technician",3,Single,3989,1k-5k,20586,1,Yes,11,3,1,0,5,2,3,5,4,1,2
1687,1,38,36-44,No,"Travel Rarely",1495,"Research & Development",4,2,Medical,4,Female,87,3,1,"Laboratory Technician",3,Married,3306,1k-5k,26176,7,No,19,3,4,1,7,5,2,0,0,0,0
1689,1,53,45-53,No,"Travel Rarely",1395,"Research & Development",24,4,Medical,2,Male,48,4,3,"Healthcare Representative",4,Married,7005,5k-10k,3458,3,No,15,3,3,0,11,2,3,4,3,1,2
1691,1,48,45-53,Yes,"Travel Frequently",708,Sales,7,2,Medical,4,Female,95,3,1,"Sales Representative",3,Married,2655,1k-5k,11740,2,Yes,11,3,3,2,19,3,3,9,7,7,7
1692,1,32,27-35,Yes,"Travel Rarely",1259,"Research & Development",2,4,"Life Sciences",4,Male,95,3,1,"Laboratory Technician",2,Single,1393,1k-5k,24852,1,No,12,3,1,0,1,2,3,1,0,0,0
1693,1,26,18-26,No,Non-Travel,786,"Research & Development",7,3,Medical,4,Male,76,3,1,"Laboratory Technician",4,Single,2570,1k-5k,11925,1,No,20,4,3,0,7,5,3,7,7,5,7
1694,1,55,54-60,No,"Travel Rarely",1441,"Research & Development",22,3,"Technical Degree",1,Male,94,2,1,"Research Scientist",2,Divorced,3537,1k-5k,23737,5,No,12,3,4,1,8,1,3,4,2,1,2
1696,1,34,27-35,No,"Travel Rarely",1157,"Research & Development",5,2,Medical,2,Male,57,2,2,"Laboratory Technician",4,Married,3986,1k-5k,11912,1,No,14,3,3,1,15,3,4,15,10,4,13
1697,1,60,54-60,No,"Travel Rarely",370,"Research & Development",1,4,Medical,3,Male,92,1,3,"Healthcare Representative",4,Divorced,10883,10k-15k,20467,3,No,20,4,3,1,19,2,4,1,0,0,0
1698,1,33,27-35,No,"Travel Rarely",267,"Research & Development",21,3,Medical,2,Male,79,4,1,"Laboratory Technician",2,Married,2028,1k-5k,13637,1,No,18,3,4,3,14,6,3,14,11,2,13
1700,1,37,36-44,No,"Travel Frequently",1278,Sales,1,4,Medical,3,Male,31,1,2,"Sales Executive",4,Divorced,9525,5k-10k,7677,1,No,14,3,3,2,6,2,2,6,3,1,3
1701,1,34,27-35,No,"Travel Rarely",678,"Research & Development",19,3,"Life Sciences",2,Female,35,2,1,"Research Scientist",4,Married,2929,1k-5k,20338,1,No,12,3,2,0,10,3,3,10,9,8,7
1702,1,23,18-26,Yes,"Travel Rarely",427,Sales,7,3,"Life Sciences",3,Male,99,3,1,"Sales Representative",4,Divorced,2275,1k-5k,25103,1,Yes,21,4,2,1,3,2,3,3,2,0,2
1703,1,44,36-44,No,"Travel Rarely",921,"Research & Development",2,3,"Life Sciences",3,Female,96,4,3,"Healthcare Representative",4,Married,7879,5k-10k,14810,1,Yes,19,3,2,1,9,2,3,8,7,6,7
1704,1,35,27-35,No,"Travel Frequently",146,"Research & Development",2,4,Medical,1,Male,79,2,1,"Research Scientist",4,Single,4930,1k-5k,13970,0,Yes,14,3,3,0,6,2,4,5,4,1,4
1706,1,43,36-44,No,"Travel Rarely",1179,Sales,2,3,Medical,4,Male,73,3,2,"Sales Executive",4,Married,7847,5k-10k,6069,1,Yes,17,3,1,1,10,3,3,10,9,8,8
1707,1,24,18-26,No,"Travel Rarely",581,"Research & Development",9,3,Medical,3,Male,62,4,1,"Research Scientist",3,Married,4401,1k-5k,17616,1,No,16,3,4,1,5,1,3,5,3,0,4
1708,1,41,36-44,No,"Travel Rarely",918,Sales,6,3,Marketing,4,Male,35,3,3,"Sales Executive",3,Single,9241,5k-10k,15869,1,No,12,3,2,0,10,3,3,10,8,8,7
1709,1,29,27-35,No,"Travel Rarely",1082,"Research & Development",9,4,Medical,4,Female,43,3,1,"Laboratory Technician",3,Married,2974,1k-5k,25412,9,No,17,3,3,1,9,2,3,5,3,1,2
1710,1,36,36-44,No,"Travel Rarely",530,Sales,2,4,"Life Sciences",3,Female,51,3,2,"Sales Representative",4,Single,4502,1k-5k,7439,3,No,15,3,3,0,17,2,2,13,7,6,7
1712,1,45,45-53,No,Non-Travel,1238,"Research & Development",1,1,"Life Sciences",3,Male,74,2,3,"Healthcare Representative",3,Married,10748,10k-15k,3395,3,No,23,4,4,1,25,3,2,23,15,14,4
1714,1,24,18-26,Yes,"Travel Rarely",240,"Human Resources",22,1,"Human Resources",4,Male,58,1,1,"Human Resources",3,Married,1555,1k-5k,11585,1,No,11,3,3,1,1,2,3,1,0,0,0
1716,1,47,45-53,Yes,"Travel Frequently",1093,Sales,9,3,"Life Sciences",3,Male,82,1,4,"Sales Executive",3,Married,12936,10k-15k,24164,7,No,11,3,3,0,25,3,1,23,5,14,10
1718,1,26,18-26,No,"Travel Rarely",390,"Research & Development",17,4,Medical,4,Male,62,1,1,"Laboratory Technician",3,Married,2305,1k-5k,6217,1,No,15,3,3,3,3,3,4,3,2,0,2
1719,1,45,45-53,No,"Travel Rarely",1005,"Research & Development",28,2,"Technical Degree",4,Female,48,2,4,"Research Director",2,Single,16704,15k-20k,17119,1,No,11,3,3,0,21,2,3,21,6,8,6
1720,1,32,27-35,No,"Travel Frequently",585,"Research & Development",10,3,"Life Sciences",1,Male,56,3,1,"Research Scientist",3,Married,3433,1k-5k,17360,6,No,13,3,1,1,10,3,2,5,2,1,3
1721,1,31,27-35,No,"Travel Rarely",741,"Research & Development",2,4,"Life Sciences",2,Male,69,3,1,"Laboratory Technician",3,Married,3477,1k-5k,18103,1,No,14,3,4,1,6,2,4,5,2,0,3
1722,1,41,36-44,No,Non-Travel,552,"Human Resources",4,3,"Human Resources",3,Male,60,1,2,"Human Resources",2,Married,6430,5k-10k,20794,6,No,19,3,2,1,10,4,3,3,2,1,2
1724,1,40,36-44,No,"Travel Rarely",369,"Research & Development",8,2,"Life Sciences",2,Female,92,3,2,"Manufacturing Director",1,Married,6516,5k-10k,5041,2,Yes,16,3,2,1,18,3,3,1,0,0,0
1725,1,24,18-26,No,"Travel Rarely",506,"Research & Development",29,1,Medical,2,Male,91,3,1,"Laboratory Technician",1,Divorced,3907,1k-5k,3622,1,No,13,3,2,3,6,2,4,6,2,1,2
1727,1,46,45-53,No,"Travel Rarely",717,"Research & Development",13,4,"Life Sciences",3,Male,34,3,2,"Healthcare Representative",2,Single,5562,5k-10k,9697,6,No,14,3,4,0,19,3,3,10,7,0,9
1728,1,35,27-35,No,"Travel Rarely",1370,"Research & Development",27,4,"Life Sciences",4,Male,49,3,2,"Manufacturing Director",3,Married,6883,5k-10k,5151,2,No,16,3,2,1,17,3,3,7,7,0,7
1729,1,30,27-35,No,"Travel Rarely",793,"Research & Development",16,1,"Life Sciences",2,Male,33,3,1,"Research Scientist",4,Married,2862,1k-5k,3811,1,No,12,3,2,1,10,2,2,10,0,0,8
1731,1,47,45-53,No,Non-Travel,543,Sales,2,4,Marketing,3,Male,87,3,2,"Sales Executive",2,Married,4978,1k-5k,3536,7,No,11,3,4,1,4,3,1,1,0,0,0
1732,1,46,45-53,No,"Travel Rarely",1277,Sales,2,3,"Life Sciences",3,Male,74,3,3,"Sales Executive",4,Divorced,10368,10k-15k,5596,4,Yes,12,3,2,1,13,5,2,10,6,0,3
1733,1,36,36-44,Yes,"Travel Rarely",1456,Sales,13,5,Marketing,2,Male,96,2,2,"Sales Executive",1,Divorced,6134,5k-10k,8658,5,Yes,13,3,2,3,16,3,3,2,2,2,2
1734,1,32,27-35,Yes,"Travel Rarely",964,Sales,1,2,"Life Sciences",1,Male,34,1,2,"Sales Executive",2,Single,6735,5k-10k,12147,6,No,15,3,2,0,10,2,3,0,0,0,0
1735,1,23,18-26,No,"Travel Rarely",160,"Research & Development",4,1,Medical,3,Female,51,3,1,"Laboratory Technician",2,Single,3295,1k-5k,12862,1,No,13,3,3,0,3,3,1,3,2,1,2
1736,1,31,27-35,No,"Travel Frequently",163,"Research & Development",24,1,"Technical Degree",4,Female,30,3,2,"Manufacturing Director",4,Single,5238,5k-10k,6670,2,No,20,4,4,0,9,3,2,5,4,1,4
1737,1,39,36-44,No,Non-Travel,792,"Research & Development",1,3,"Life Sciences",4,Male,77,3,2,"Laboratory Technician",4,Married,6472,5k-10k,8989,1,Yes,15,3,4,1,9,2,3,9,8,5,8
1739,1,32,27-35,No,"Travel Rarely",371,Sales,19,3,"Life Sciences",4,Male,80,1,3,"Sales Executive",3,Married,9610,5k-10k,3840,3,No,13,3,3,1,10,2,1,4,3,0,2
1740,1,40,36-44,No,"Travel Rarely",611,Sales,7,4,Medical,2,Male,88,3,5,Manager,2,Single,19833,15k-20k,4349,1,No,14,3,2,0,21,3,2,21,8,12,8
1744,1,45,45-53,No,"Travel Rarely",176,"Human Resources",4,3,"Life Sciences",3,Female,56,1,3,"Human Resources",3,Married,9756,5k-10k,6595,4,No,21,4,3,2,9,2,4,5,0,0,3
1745,1,30,27-35,No,"Travel Frequently",1312,"Research & Development",2,4,"Technical Degree",4,Female,78,2,1,"Research Scientist",1,Single,4968,1k-5k,26427,0,No,16,3,4,0,10,2,3,9,7,0,7
1746,1,24,18-26,No,"Travel Frequently",897,"Human Resources",10,3,Medical,1,Male,59,3,1,"Human Resources",4,Married,2145,1k-5k,2097,0,No,14,3,4,1,3,2,3,2,2,2,1
1747,1,30,27-35,Yes,"Travel Frequently",600,"Human Resources",8,3,"Human Resources",3,Female,66,2,1,"Human Resources",4,Divorced,2180,1k-5k,9732,6,No,11,3,3,1,6,0,2,4,2,1,2
1749,1,31,27-35,No,"Travel Rarely",1003,Sales,5,3,"Technical Degree",1,Male,51,3,2,"Sales Executive",3,Married,8346,5k-10k,20943,1,No,19,3,3,1,6,3,3,5,2,0,2
1751,1,27,27-35,No,"Travel Rarely",1054,"Research & Development",8,3,Medical,3,Female,67,3,1,"Research Scientist",4,Single,3445,1k-5k,6152,1,No,11,3,3,0,6,5,2,6,2,1,4
1752,1,29,27-35,Yes,"Travel Rarely",428,Sales,9,3,Marketing,2,Female,52,1,1,"Sales Representative",2,Single,2760,1k-5k,14630,1,No,13,3,3,0,2,3,3,2,2,2,2
1753,1,29,27-35,No,"Travel Frequently",461,"Research & Development",1,3,"Life Sciences",4,Male,70,4,2,"Healthcare Representative",3,Single,6294,5k-10k,23060,8,Yes,12,3,4,0,10,5,4,3,2,0,2
1754,1,30,27-35,No,"Travel Rarely",979,Sales,15,2,Marketing,3,Male,94,2,3,"Sales Executive",1,Divorced,7140,5k-10k,3088,2,No,11,3,1,1,12,2,3,7,7,1,7
1755,1,34,27-35,No,"Travel Rarely",181,"Research & Development",2,4,Medical,4,Male,97,4,1,"Research Scientist",4,Married,2932,1k-5k,5586,0,Yes,14,3,1,3,6,3,3,5,0,1,2
1756,1,33,27-35,No,Non-Travel,1283,Sales,2,3,Marketing,4,Female,62,3,2,"Sales Executive",2,Single,5147,5k-10k,10697,8,No,15,3,4,0,13,2,2,11,7,1,7
1757,1,49,45-53,No,"Travel Rarely",1313,Sales,11,4,Marketing,4,Female,80,3,2,"Sales Executive",4,Single,4507,1k-5k,8191,3,No,12,3,3,0,8,1,4,5,1,0,4
1758,1,33,27-35,Yes,"Travel Rarely",211,Sales,16,3,"Life Sciences",1,Female,74,3,3,"Sales Executive",1,Single,8564,5k-10k,10092,2,Yes,20,4,3,0,11,2,2,0,0,0,0
1760,1,38,36-44,No,"Travel Frequently",594,"Research & Development",2,2,Medical,3,Female,75,2,1,"Laboratory Technician",2,Married,2468,1k-5k,15963,4,No,14,3,2,1,9,4,2,6,1,0,5
1761,1,31,27-35,Yes,"Travel Rarely",1079,Sales,16,4,Marketing,1,Male,70,3,3,"Sales Executive",3,Married,8161,5k-10k,19002,2,No,13,3,1,3,10,2,3,1,0,0,0
1762,1,29,27-35,No,"Travel Rarely",590,"Research & Development",4,3,"Technical Degree",4,Female,91,2,1,"Research Scientist",1,Divorced,2109,1k-5k,10007,1,No,13,3,3,1,1,2,3,1,0,0,0
1763,1,30,27-35,No,"Travel Rarely",305,"Research & Development",16,3,"Life Sciences",3,Male,58,4,2,"Healthcare Representative",3,Married,5294,5k-10k,9128,3,No,16,3,3,1,10,3,3,7,0,1,7
1764,1,32,27-35,No,Non-Travel,953,"Research & Development",5,4,"Technical Degree",2,Male,65,3,1,"Research Scientist",2,Single,2718,1k-5k,17674,2,No,14,3,2,0,12,3,3,7,7,0,7
1766,1,38,36-44,No,"Travel Rarely",833,"Research & Development",18,3,Medical,2,Male,60,1,2,"Healthcare Representative",4,Married,5811,5k-10k,24539,3,Yes,16,3,3,1,15,2,3,1,0,1,0
1767,1,43,36-44,Yes,"Travel Frequently",807,"Research & Development",17,3,"Technical Degree",3,Male,38,2,1,"Research Scientist",3,Married,2437,1k-5k,15587,9,Yes,16,3,4,1,6,4,3,1,0,0,0
1768,1,42,36-44,No,"Travel Rarely",855,"Research & Development",12,3,Medical,2,Male,57,3,1,"Laboratory Technician",2,Divorced,2766,1k-5k,8952,8,No,22,4,2,3,7,6,2,5,3,0,4
1770,1,55,54-60,No,"Travel Rarely",478,"Research & Development",2,3,Medical,3,Male,60,2,5,"Research Director",1,Married,19038,15k-20k,19805,8,No,12,3,2,3,34,2,3,1,0,0,0
1771,1,33,27-35,No,Non-Travel,775,"Research & Development",4,3,"Technical Degree",4,Male,90,3,2,"Research Scientist",2,Divorced,3055,1k-5k,6194,5,No,15,3,4,2,11,2,2,9,8,1,7
1772,1,41,36-44,No,"Travel Rarely",548,"Research & Development",9,4,"Life Sciences",3,Male,94,3,1,"Laboratory Technician",1,Divorced,2289,1k-5k,20520,1,No,20,4,2,2,5,2,3,5,3,0,4
1774,1,34,27-35,No,Non-Travel,1375,Sales,10,3,"Life Sciences",4,Male,87,3,2,"Sales Executive",3,Divorced,4001,1k-5k,12313,1,Yes,14,3,3,1,15,3,3,15,14,0,7
1775,1,53,45-53,No,Non-Travel,661,"Research & Development",1,4,Medical,1,Female,60,2,4,"Manufacturing Director",3,Married,12965,10k-15k,22308,4,Yes,20,4,4,3,27,2,2,3,2,0,2
1778,1,43,36-44,No,"Travel Rarely",244,"Human Resources",2,3,"Life Sciences",2,Male,97,3,1,"Human Resources",4,Single,3539,1k-5k,5033,0,No,13,3,2,0,10,5,3,9,7,1,8
1779,1,34,27-35,No,"Travel Rarely",511,Sales,3,2,"Life Sciences",4,Female,32,1,2,"Sales Executive",4,Single,6029,5k-10k,25353,5,No,12,3,1,0,6,3,3,2,2,2,2
1780,1,21,18-26,Yes,"Travel Rarely",337,Sales,7,1,Marketing,2,Male,31,3,1,"Sales Representative",2,Single,2679,1k-5k,4567,1,No,13,3,2,0,1,3,3,1,0,1,0
1782,1,38,36-44,No,"Travel Rarely",1153,"Research & Development",6,2,Other,4,Female,40,2,1,"Laboratory Technician",3,Married,3702,1k-5k,16376,1,No,11,3,2,1,5,3,3,5,4,0,4
1783,1,22,18-26,Yes,"Travel Rarely",1294,"Research & Development",8,1,Medical,3,Female,79,3,1,"Laboratory Technician",1,Married,2398,1k-5k,15999,1,Yes,17,3,3,0,1,6,3,1,0,0,0
1784,1,31,27-35,No,"Travel Rarely",196,Sales,29,4,Marketing,1,Female,91,2,2,"Sales Executive",4,Married,5468,5k-10k,13402,1,No,14,3,1,2,13,3,3,12,7,5,7
1786,1,51,45-53,No,"Travel Rarely",942,"Research & Development",3,3,"Technical Degree",1,Female,53,3,3,Manager,3,Married,13116,10k-15k,22984,2,No,11,3,4,0,15,2,3,2,2,2,2
1787,1,37,36-44,No,"Travel Rarely",589,Sales,9,2,Marketing,2,Male,46,2,2,"Sales Executive",2,Married,4189,1k-5k,8800,1,No,14,3,1,2,5,2,3,5,2,0,3
1789,1,46,45-53,No,"Travel Rarely",734,"Research & Development",2,4,Medical,3,Male,46,3,5,"Research Director",4,Divorced,19328,15k-20k,14218,7,Yes,17,3,3,1,24,3,3,2,1,2,2
1790,1,36,36-44,No,"Travel Rarely",1383,"Research & Development",10,3,"Life Sciences",4,Male,90,3,3,"Healthcare Representative",1,Married,8321,5k-10k,25949,7,Yes,13,3,4,1,15,1,3,12,8,5,7
1792,1,44,36-44,Yes,"Travel Frequently",429,"Research & Development",1,2,Medical,3,Male,99,3,1,"Research Scientist",2,Divorced,2342,1k-5k,11092,1,Yes,12,3,3,3,6,2,2,5,3,2,3
1794,1,37,36-44,No,"Travel Rarely",1239,"Human Resources",8,2,Other,3,Male,89,3,2,"Human Resources",2,Divorced,4071,1k-5k,12832,2,No,13,3,3,0,19,4,2,10,0,4,7
1797,1,35,27-35,Yes,"Travel Rarely",303,Sales,27,3,"Life Sciences",3,Male,84,3,2,"Sales Executive",4,Single,5813,5k-10k,13492,1,Yes,18,3,4,0,10,2,3,10,7,7,7
1798,1,33,27-35,No,"Travel Rarely",867,"Research & Development",8,4,"Life Sciences",4,Male,90,4,1,"Research Scientist",1,Married,3143,1k-5k,6076,6,No,19,3,2,1,14,1,3,10,8,7,6
1799,1,28,27-35,No,"Travel Rarely",1181,"Research & Development",1,3,"Life Sciences",3,Male,82,3,1,"Research Scientist",4,Married,2044,1k-5k,5531,1,No,11,3,3,1,5,6,4,5,3,0,3
1800,1,39,36-44,No,"Travel Rarely",1253,"Research & Development",10,1,Medical,3,Male,65,3,3,"Research Director",3,Single,13464,10k-15k,7914,7,No,21,4,3,0,9,3,3,4,3,2,2
1801,1,46,45-53,No,Non-Travel,849,Sales,26,2,"Life Sciences",2,Male,98,2,2,"Sales Executive",2,Single,7991,5k-10k,25166,8,No,15,3,3,0,6,3,3,2,2,2,2
1802,1,40,36-44,No,"Travel Rarely",616,"Research & Development",2,2,"Life Sciences",3,Female,99,3,1,"Laboratory Technician",1,Married,3377,1k-5k,25605,4,No,17,3,4,1,7,5,2,4,3,0,2
1803,1,42,36-44,No,"Travel Rarely",1128,"Research & Development",13,3,Medical,2,Male,95,4,2,"Healthcare Representative",1,Married,5538,5k-10k,5696,5,No,18,3,3,2,10,2,2,0,0,0,0
1804,1,35,27-35,No,Non-Travel,1180,"Research & Development",2,2,Medical,2,Male,90,3,2,"Manufacturing Director",4,Divorced,5762,5k-10k,24442,2,No,14,3,3,1,15,6,3,7,7,1,7
1805,1,38,36-44,No,Non-Travel,1336,"Human Resources",2,3,"Human Resources",1,Male,100,3,1,"Human Resources",2,Divorced,2592,1k-5k,7129,5,No,13,3,4,3,13,3,3,11,10,3,8
1807,1,34,27-35,Yes,"Travel Frequently",234,"Research & Development",9,4,"Life Sciences",4,Male,93,3,2,"Laboratory Technician",1,Married,5346,5k-10k,6208,4,No,17,3,3,1,11,3,2,7,1,0,7
1809,1,37,36-44,Yes,"Travel Rarely",370,"Research & Development",10,4,Medical,4,Male,58,3,2,"Manufacturing Director",1,Single,4213,1k-5k,4992,1,No,15,3,2,0,10,4,1,10,3,0,8
1812,1,39,36-44,No,"Travel Frequently",766,Sales,20,3,"Life Sciences",3,Male,83,3,2,"Sales Executive",4,Divorced,4127,1k-5k,19188,2,No,18,3,4,1,7,6,3,2,1,2,2
1813,1,43,36-44,No,Non-Travel,343,"Research & Development",9,3,"Life Sciences",1,Male,52,3,1,"Research Scientist",3,Single,2438,1k-5k,24978,4,No,13,3,3,0,7,2,2,3,2,1,2
1814,1,41,36-44,No,"Travel Rarely",447,"Research & Development",5,3,"Life Sciences",2,Male,85,4,2,"Healthcare Representative",2,Single,6870,5k-10k,15530,3,No,12,3,1,0,11,3,1,3,2,1,2
1815,1,41,36-44,No,"Travel Rarely",796,Sales,4,1,Marketing,3,Female,81,3,3,"Sales Executive",3,Divorced,10447,10k-15k,26458,0,Yes,13,3,4,1,23,3,4,22,14,13,5
1816,1,30,27-35,No,"Travel Rarely",1092,"Research & Development",10,3,Medical,1,Female,64,3,3,"Manufacturing Director",3,Single,9667,5k-10k,2739,9,No,14,3,2,0,9,3,3,7,7,0,2
1818,1,26,18-26,Yes,"Travel Rarely",920,"Human Resources",20,2,Medical,4,Female,69,3,1,"Human Resources",2,Married,2148,1k-5k,6889,0,Yes,11,3,3,0,6,3,3,5,1,1,4
1821,1,46,45-53,Yes,"Travel Rarely",261,"Research & Development",21,2,Medical,4,Female,66,3,2,"Healthcare Representative",2,Married,8926,5k-10k,10842,4,No,22,4,4,1,13,2,4,9,7,3,7
1822,1,40,36-44,No,"Travel Rarely",1194,"Research & Development",1,3,"Life Sciences",3,Female,52,3,2,"Healthcare Representative",4,Divorced,6513,5k-10k,9060,4,No,17,3,4,1,12,3,3,5,3,0,3
1823,1,34,27-35,No,"Travel Rarely",810,Sales,8,2,"Technical Degree",2,Male,92,4,2,"Sales Executive",3,Married,6799,5k-10k,22128,1,No,21,4,3,2,10,5,3,10,8,4,8
1824,1,58,54-60,No,Non-Travel,350,Sales,2,3,Medical,2,Male,52,3,4,Manager,2,Divorced,16291,15k-20k,22577,4,No,22,4,4,1,37,0,2,16,9,14,14
1826,1,35,27-35,No,"Travel Rarely",185,"Research & Development",23,4,Medical,2,Male,91,1,1,"Laboratory Technician",3,Married,2705,1k-5k,9696,0,No,16,3,2,1,6,2,4,5,4,0,3
1827,1,47,45-53,No,"Travel Rarely",1001,"Research & Development",4,3,"Life Sciences",3,Female,92,2,3,"Manufacturing Director",2,Divorced,10333,10k-15k,19271,8,Yes,12,3,3,1,28,4,3,22,11,14,10
1829,1,40,36-44,No,"Travel Rarely",750,"Research & Development",12,3,"Life Sciences",2,Female,47,3,2,"Healthcare Representative",1,Divorced,4448,1k-5k,10748,2,No,12,3,2,1,15,3,3,7,4,7,7
1830,1,54,54-60,No,"Travel Rarely",431,"Research & Development",7,4,Medical,4,Female,68,3,2,"Research Scientist",4,Married,6854,5k-10k,15696,4,No,15,3,2,1,14,2,2,7,1,1,7
1833,1,31,27-35,No,"Travel Frequently",1125,Sales,7,4,Marketing,1,Female,68,3,3,"Sales Executive",1,Married,9637,5k-10k,8277,2,No,14,3,4,2,9,3,3,3,2,2,2
1834,1,28,27-35,No,"Travel Rarely",1217,"Research & Development",1,3,Medical,3,Female,67,3,1,"Research Scientist",1,Married,3591,1k-5k,12719,1,No,25,4,3,1,3,3,3,3,2,1,2
1835,1,38,36-44,No,"Travel Rarely",723,Sales,2,4,Marketing,2,Female,77,1,2,"Sales Representative",4,Married,5405,5k-10k,4244,2,Yes,20,4,1,2,20,4,2,4,2,0,3
1836,1,26,18-26,No,"Travel Rarely",572,Sales,10,3,Medical,3,Male,46,3,2,"Sales Executive",4,Single,4684,1k-5k,9125,1,No,13,3,1,0,5,4,3,5,3,1,2
1837,1,58,54-60,No,"Travel Frequently",1216,"Research & Development",15,4,"Life Sciences",1,Male,87,3,4,"Research Director",3,Married,15787,15k-20k,21624,2,Yes,14,3,2,0,23,3,3,2,2,2,2
1839,1,18,18-26,No,Non-Travel,1431,"Research & Development",14,3,Medical,2,Female,33,3,1,"Research Scientist",3,Single,1514,1k-5k,8018,1,No,16,3,3,0,0,4,1,0,0,0,0
1842,1,31,27-35,Yes,"Travel Rarely",359,"Human Resources",18,5,"Human Resources",4,Male,89,4,1,"Human Resources",1,Married,2956,1k-5k,21495,0,No,17,3,3,0,2,4,3,1,0,0,0
1844,1,29,27-35,Yes,"Travel Rarely",350,"Human Resources",13,3,"Human Resources",1,Male,56,2,1,"Human Resources",1,Divorced,2335,1k-5k,3157,4,Yes,15,3,4,3,4,3,3,2,2,2,0
1845,1,45,45-53,No,Non-Travel,589,Sales,2,4,"Life Sciences",3,Female,67,3,2,"Sales Executive",3,Married,5154,5k-10k,19665,4,No,22,4,2,2,10,3,4,8,7,5,7
1847,1,36,36-44,No,"Travel Rarely",430,"Research & Development",2,4,Other,4,Female,73,3,2,"Research Scientist",2,Married,6962,5k-10k,19573,4,Yes,22,4,4,1,15,2,3,1,0,0,0
1849,1,43,36-44,No,"Travel Frequently",1422,Sales,2,4,"Life Sciences",1,Male,92,3,2,"Sales Executive",4,Married,5675,5k-10k,19246,1,No,20,4,3,1,7,5,3,7,7,7,7
1850,1,27,27-35,No,"Travel Frequently",1297,"Research & Development",5,2,"Life Sciences",4,Female,53,3,1,"Laboratory Technician",4,Single,2379,1k-5k,19826,0,Yes,14,3,3,0,6,3,2,5,4,0,2
1852,1,29,27-35,No,"Travel Frequently",574,"Research & Development",20,1,Medical,4,Male,40,3,1,"Laboratory Technician",4,Married,3812,1k-5k,7003,1,No,13,3,2,0,11,3,4,11,8,3,10
1853,1,32,27-35,No,"Travel Frequently",1318,Sales,10,4,Marketing,4,Male,79,3,2,"Sales Executive",4,Single,4648,1k-5k,26075,8,No,13,3,3,0,4,2,4,0,0,0,0
1854,1,42,36-44,No,Non-Travel,355,"Research & Development",10,4,"Technical Degree",3,Male,38,3,1,"Research Scientist",3,Married,2936,1k-5k,6161,3,No,22,4,2,2,10,1,2,6,3,3,3
1856,1,47,45-53,No,"Travel Rarely",207,"Research & Development",9,4,"Life Sciences",2,Female,64,3,1,"Laboratory Technician",3,Single,2105,1k-5k,5411,4,No,12,3,3,0,7,2,3,2,2,2,0
1857,1,46,45-53,No,"Travel Rarely",706,"Research & Development",2,2,"Life Sciences",4,Male,82,3,3,"Manufacturing Director",4,Divorced,8578,5k-10k,19989,3,No,14,3,3,1,12,4,2,9,8,4,7
1858,1,28,27-35,No,Non-Travel,280,"Human Resources",1,2,"Life Sciences",3,Male,43,3,1,"Human Resources",4,Divorced,2706,1k-5k,10494,1,No,15,3,2,1,3,2,3,3,2,2,2
1859,1,29,27-35,No,"Travel Rarely",726,"Research & Development",29,1,"Life Sciences",4,Male,93,1,2,"Healthcare Representative",3,Divorced,6384,5k-10k,21143,8,No,17,3,4,2,11,3,3,7,0,1,6
1860,1,42,36-44,No,"Travel Rarely",1142,"Research & Development",8,3,"Life Sciences",4,Male,81,3,1,"Laboratory Technician",3,Single,3968,1k-5k,13624,4,No,13,3,4,0,8,3,3,0,0,0,0
1862,1,32,27-35,Yes,"Travel Rarely",414,Sales,2,4,Marketing,3,Male,82,2,2,"Sales Executive",2,Single,9907,5k-10k,26186,7,Yes,12,3,3,0,7,3,2,2,2,2,2
1863,1,46,45-53,No,"Travel Rarely",1319,Sales,3,3,"Technical Degree",1,Female,45,4,4,"Sales Executive",1,Divorced,13225,10k-15k,7739,2,No,12,3,4,1,25,5,3,19,17,2,8
1864,1,27,27-35,No,"Travel Rarely",728,Sales,23,1,Medical,2,Female,36,2,2,"Sales Representative",3,Married,3540,1k-5k,7018,1,No,21,4,4,1,9,5,3,9,8,5,8
1865,1,29,27-35,No,"Travel Rarely",352,"Human Resources",6,1,Medical,4,Male,87,2,1,"Human Resources",2,Married,2804,1k-5k,15434,1,No,11,3,4,0,1,3,3,1,0,0,0
1866,1,43,36-44,No,"Travel Rarely",823,"Research & Development",6,3,Medical,1,Female,81,2,5,Manager,3,Married,19392,15k-20k,22539,7,No,13,3,4,0,21,2,3,16,12,6,14
1867,1,48,45-53,No,"Travel Rarely",1224,"Research & Development",10,3,"Life Sciences",4,Male,91,2,5,"Research Director",2,Married,19665,15k-20k,13583,4,No,12,3,4,0,29,3,3,22,10,12,9
1868,1,29,27-35,Yes,"Travel Frequently",459,"Research & Development",24,2,"Life Sciences",4,Male,73,2,1,"Research Scientist",4,Single,2439,1k-5k,14753,1,Yes,24,4,2,0,1,3,2,1,0,1,0
1869,1,46,45-53,Yes,"Travel Rarely",1254,Sales,10,3,"Life Sciences",3,Female,64,3,3,"Sales Executive",2,Married,7314,5k-10k,14011,5,No,21,4,3,3,14,2,3,8,7,0,7
1870,1,27,27-35,No,"Travel Frequently",1131,"Research & Development",15,3,"Life Sciences",4,Female,77,2,1,"Research Scientist",1,Married,4774,1k-5k,23844,0,No,19,3,4,1,8,2,2,7,6,7,3
1871,1,39,36-44,No,"Travel Rarely",835,"Research & Development",19,4,Other,4,Male,41,3,2,"Research Scientist",4,Divorced,3902,1k-5k,5141,8,No,14,3,2,3,7,2,3,2,2,2,2
1873,1,55,54-60,No,"Travel Rarely",836,"Research & Development",2,4,"Technical Degree",2,Male,98,2,1,"Research Scientist",4,Married,2662,1k-5k,7975,8,No,20,4,2,1,19,2,4,5,2,0,4
1875,1,28,27-35,No,"Travel Rarely",1172,Sales,3,3,Medical,2,Female,78,3,1,"Sales Representative",2,Married,2856,1k-5k,3692,1,No,19,3,4,1,1,3,3,1,0,0,0
1876,1,30,27-35,Yes,"Travel Rarely",945,Sales,9,3,Medical,2,Male,89,3,1,"Sales Representative",4,Single,1081,1k-5k,16019,1,No,13,3,3,0,1,3,2,1,0,0,0
1878,1,22,18-26,Yes,"Travel Rarely",391,"Research & Development",7,1,"Life Sciences",4,Male,75,3,1,"Research Scientist",2,Single,2472,1k-5k,26092,1,Yes,23,4,1,0,1,2,3,1,0,0,0
1880,1,36,36-44,No,"Travel Rarely",1266,Sales,10,4,"Technical Degree",2,Female,63,2,2,"Sales Executive",3,Married,5673,5k-10k,6060,1,Yes,13,3,1,1,10,4,3,10,9,1,7
1881,1,31,27-35,No,"Travel Rarely",311,"Research & Development",20,3,"Life Sciences",2,Male,89,3,2,"Laboratory Technician",3,Divorced,4197,1k-5k,18624,1,No,11,3,1,1,10,2,3,10,8,0,2
1882,1,34,27-35,No,"Travel Rarely",1480,Sales,4,3,"Life Sciences",3,Male,64,3,3,"Sales Executive",4,Married,9713,5k-10k,24444,2,Yes,13,3,4,3,9,3,3,5,3,1,0
1883,1,29,27-35,No,"Travel Rarely",592,"Research & Development",7,3,"Life Sciences",4,Male,59,3,1,"Laboratory Technician",1,Single,2062,1k-5k,19384,3,No,14,3,2,0,11,2,3,3,2,1,2
1885,1,37,36-44,No,"Travel Rarely",783,"Research & Development",7,4,Medical,4,Male,78,3,2,"Research Scientist",1,Married,4284,1k-5k,13588,5,Yes,22,4,3,1,16,2,3,5,3,0,4
1886,1,35,27-35,No,"Travel Rarely",219,"Research & Development",16,2,Other,4,Female,44,2,2,"Manufacturing Director",2,Married,4788,1k-5k,25388,0,Yes,11,3,4,0,4,2,3,3,2,0,2
1888,1,45,45-53,No,"Travel Rarely",556,"Research & Development",25,2,"Life Sciences",2,Female,93,2,2,"Manufacturing Director",4,Married,5906,5k-10k,23888,0,No,13,3,4,2,10,2,2,9,8,3,8
1890,1,36,36-44,No,"Travel Frequently",1213,"Human Resources",2,1,"Human Resources",2,Male,94,2,2,"Human Resources",4,Single,3886,1k-5k,4223,1,No,21,4,4,0,10,2,2,10,1,0,8
1892,1,40,36-44,No,"Travel Rarely",1137,"Research & Development",1,4,"Life Sciences",1,Male,98,3,4,Manager,1,Divorced,16823,15k-20k,18991,2,No,11,3,1,1,22,3,3,19,7,11,16
1893,1,26,18-26,No,"Travel Rarely",482,"Research & Development",1,2,"Life Sciences",2,Female,90,2,1,"Research Scientist",3,Married,2933,1k-5k,14908,1,Yes,13,3,3,1,1,3,2,1,0,1,0
1898,1,27,27-35,No,"Travel Rarely",511,Sales,2,2,Medical,1,Female,89,4,2,"Sales Executive",3,Single,6500,5k-10k,26997,0,No,14,3,2,0,9,5,2,8,7,0,7
1900,1,48,45-53,No,"Travel Frequently",117,"Research & Development",22,3,Medical,4,Female,58,3,4,Manager,4,Divorced,17174,15k-20k,2437,3,No,11,3,2,1,24,3,3,22,17,4,7
1903,1,44,36-44,No,"Travel Rarely",170,"Research & Development",1,4,"Life Sciences",2,Male,78,4,2,"Healthcare Representative",1,Married,5033,5k-10k,9364,2,No,15,3,4,1,10,5,3,2,0,2,2
1905,1,34,27-35,Yes,Non-Travel,967,"Research & Development",16,4,"Technical Degree",4,Male,85,1,1,"Research Scientist",1,Married,2307,1k-5k,14460,1,Yes,23,4,2,1,5,2,3,5,2,3,0
1907,1,56,54-60,Yes,"Travel Rarely",1162,"Research & Development",24,2,"Life Sciences",1,Male,97,3,1,"Laboratory Technician",4,Single,2587,1k-5k,10261,1,No,16,3,4,0,5,3,3,4,2,1,0
1908,1,36,36-44,No,"Travel Rarely",335,Sales,17,2,Marketing,3,Male,33,2,2,"Sales Executive",2,Married,5507,5k-10k,16822,2,No,16,3,3,2,12,1,1,4,2,1,3
1909,1,41,36-44,No,"Travel Rarely",337,Sales,8,3,Marketing,3,Female,54,3,2,"Sales Executive",2,Married,4393,1k-5k,26841,5,No,21,4,3,1,14,3,3,5,4,1,4
1911,1,42,36-44,No,"Travel Rarely",1396,"Research & Development",6,3,Medical,3,Male,83,3,3,"Research Director",1,Married,13348,10k-15k,14842,9,No,13,3,2,1,18,3,4,13,7,5,7
1912,1,31,27-35,No,"Travel Rarely",1079,Sales,10,2,Medical,3,Female,86,3,2,"Sales Executive",4,Divorced,6583,5k-10k,20115,2,Yes,11,3,4,1,8,2,3,5,2,1,4
1915,1,34,27-35,No,"Travel Rarely",735,Sales,3,1,Medical,4,Female,75,2,2,"Sales Executive",4,Married,8103,5k-10k,16495,3,Yes,12,3,3,0,9,3,2,4,2,0,1
1916,1,31,27-35,No,"Travel Rarely",471,"Research & Development",4,3,Medical,1,Female,62,4,1,"Laboratory Technician",3,Divorced,3978,1k-5k,16031,8,No,12,3,2,1,4,0,2,2,2,2,2
1918,1,26,18-26,No,"Travel Frequently",1096,"Research & Development",6,3,Other,3,Male,61,4,1,"Laboratory Technician",4,Married,2544,1k-5k,7102,0,No,18,3,1,1,8,3,3,7,7,7,7
1922,1,45,45-53,No,"Travel Frequently",1297,"Research & Development",1,4,Medical,2,Male,44,3,2,"Healthcare Representative",3,Single,5399,5k-10k,14511,4,No,12,3,3,0,12,3,3,4,2,0,3
1924,1,33,27-35,No,"Travel Rarely",217,Sales,10,4,Marketing,2,Male,43,3,2,"Sales Executive",3,Single,5487,5k-10k,10410,1,No,14,3,2,0,10,2,2,10,4,0,9
1927,1,28,27-35,No,"Travel Frequently",783,Sales,1,2,"Life Sciences",3,Male,42,2,2,"Sales Executive",4,Married,6834,5k-10k,19255,1,Yes,12,3,3,1,7,2,3,7,7,0,7
1928,1,29,27-35,Yes,"Travel Frequently",746,Sales,24,3,"Technical Degree",3,Male,45,4,1,"Sales Representative",1,Single,1091,1k-5k,10642,1,No,17,3,4,0,1,3,3,1,0,0,0
1929,1,39,36-44,No,Non-Travel,1251,Sales,21,4,"Life Sciences",1,Female,32,1,2,"Sales Executive",3,Married,5736,5k-10k,3987,6,No,19,3,3,1,10,1,3,3,2,1,2
1931,1,27,27-35,No,"Travel Rarely",1354,"Research & Development",2,4,"Technical Degree",2,Male,41,3,1,"Research Scientist",2,Married,2226,1k-5k,6073,1,No,11,3,3,1,6,3,2,5,3,1,2
1932,1,34,27-35,No,"Travel Frequently",735,"Research & Development",22,4,Other,3,Male,86,2,2,"Research Scientist",4,Married,5747,5k-10k,26496,1,Yes,15,3,2,0,16,3,3,15,10,6,11
1933,1,28,27-35,Yes,"Travel Rarely",1475,Sales,13,2,Marketing,4,Female,84,3,2,"Sales Executive",3,Single,9854,5k-10k,23352,3,Yes,11,3,4,0,6,0,3,2,0,2,2
1934,1,47,45-53,No,Non-Travel,1169,"Research & Development",14,4,"Technical Degree",3,Male,64,3,2,"Research Scientist",2,Married,5467,5k-10k,2125,8,No,18,3,3,1,16,4,4,8,7,1,7
1935,1,56,54-60,No,"Travel Rarely",1443,Sales,11,5,Marketing,4,Female,89,2,2,"Sales Executive",1,Married,5380,5k-10k,20328,4,No,16,3,3,1,6,3,3,0,0,0,0
1936,1,39,36-44,No,"Travel Rarely",867,"Research & Development",9,2,Medical,1,Male,87,3,2,"Manufacturing Director",1,Married,5151,5k-10k,12315,1,No,25,4,4,1,10,3,3,10,0,7,9
1937,1,38,36-44,No,"Travel Frequently",1394,"Research & Development",8,3,Medical,4,Female,58,2,2,"Research Scientist",2,Divorced,2133,1k-5k,18115,1,Yes,16,3,3,1,20,3,3,20,11,0,7
1938,1,58,54-60,No,"Travel Rarely",605,Sales,21,3,"Life Sciences",4,Female,72,3,4,Manager,4,Married,17875,15k-20k,11761,4,Yes,13,3,3,1,29,2,2,1,0,0,0
1939,1,32,27-35,Yes,"Travel Frequently",238,"Research & Development",5,2,"Life Sciences",1,Female,47,4,1,"Research Scientist",3,Single,2432,1k-5k,15318,3,Yes,14,3,1,0,8,2,3,4,1,0,3
1940,1,38,36-44,No,"Travel Rarely",1206,"Research & Development",9,2,"Life Sciences",2,Male,71,3,1,"Research Scientist",4,Divorced,4771,1k-5k,14293,2,No,19,3,4,2,10,0,4,5,2,0,3
1941,1,49,45-53,No,"Travel Frequently",1064,"Research & Development",2,1,"Life Sciences",2,Male,42,3,5,"Research Director",4,Married,19161,15k-20k,13738,3,No,15,3,4,0,28,3,3,5,4,4,3
1943,1,42,36-44,No,"Travel Rarely",419,Sales,12,4,Marketing,2,Male,77,3,2,"Sales Executive",4,Divorced,5087,5k-10k,2900,3,Yes,12,3,3,2,14,4,3,0,0,0,0
1944,1,27,27-35,Yes,"Travel Frequently",1337,"Human Resources",22,3,"Human Resources",1,Female,58,2,1,"Human Resources",2,Married,2863,1k-5k,19555,1,No,12,3,1,0,1,2,3,1,0,0,0
1945,1,35,27-35,No,"Travel Rarely",682,Sales,18,4,Medical,2,Male,71,3,2,"Sales Executive",1,Married,5561,5k-10k,15975,0,No,16,3,4,1,6,2,1,5,3,0,4
1947,1,28,27-35,No,Non-Travel,1103,"Research & Development",16,3,Medical,3,Male,49,3,1,"Research Scientist",3,Single,2144,1k-5k,2122,1,No,14,3,3,0,5,3,2,5,3,1,4
1948,1,31,27-35,No,Non-Travel,976,"Research & Development",3,2,Medical,3,Male,48,3,1,"Research Scientist",1,Divorced,3065,1k-5k,3995,1,Yes,13,3,4,1,4,3,4,4,2,2,3
1949,1,36,36-44,No,Non-Travel,1351,"Research & Development",9,4,"Life Sciences",1,Male,66,4,1,"Laboratory Technician",2,Married,2810,1k-5k,9238,1,No,22,4,2,0,5,3,3,5,4,0,2
1950,1,34,27-35,No,"Travel Rarely",937,Sales,1,3,Marketing,1,Male,32,3,3,"Sales Executive",4,Single,9888,5k-10k,6770,1,No,21,4,1,0,14,3,2,14,8,2,1
1951,1,34,27-35,No,"Travel Rarely",1239,Sales,13,4,Medical,4,Male,39,3,3,"Sales Executive",3,Divorced,8628,5k-10k,22914,1,No,18,3,3,1,9,2,2,8,7,1,1
1952,1,26,18-26,No,"Travel Rarely",157,"Research & Development",1,3,Medical,3,Male,95,3,1,"Laboratory Technician",1,Single,2867,1k-5k,20006,0,No,13,3,4,0,8,6,2,7,7,7,6
1954,1,29,27-35,No,"Travel Rarely",136,"Research & Development",1,3,"Life Sciences",1,Male,89,3,2,"Healthcare Representative",1,Married,5373,5k-10k,6225,0,No,12,3,1,1,6,5,2,5,3,0,2
1955,1,32,27-35,No,Non-Travel,1146,"Research & Development",15,4,Medical,3,Female,34,3,2,"Healthcare Representative",4,Divorced,6667,5k-10k,16542,5,No,18,3,2,1,9,6,3,5,1,1,2
1956,1,31,27-35,No,"Travel Frequently",1125,"Research & Development",1,3,"Life Sciences",4,Male,48,1,2,"Research Scientist",1,Married,5003,5k-10k,5771,1,No,21,4,2,0,10,6,3,10,8,8,7
1960,1,28,27-35,Yes,"Travel Rarely",1404,"Research & Development",17,3,"Technical Degree",3,Male,32,2,1,"Laboratory Technician",4,Divorced,2367,1k-5k,18779,5,No,12,3,1,1,6,2,2,4,1,0,3
1961,1,38,36-44,No,"Travel Rarely",1404,Sales,1,3,"Life Sciences",1,Male,59,2,1,"Sales Representative",1,Single,2858,1k-5k,11473,4,No,14,3,1,0,20,3,2,1,0,0,0
1962,1,35,27-35,No,"Travel Rarely",1224,Sales,7,4,"Life Sciences",3,Female,55,3,2,"Sales Executive",4,Married,5204,5k-10k,13586,1,Yes,11,3,4,0,10,2,3,10,8,0,9
1965,1,27,27-35,No,"Travel Rarely",954,Sales,9,3,Marketing,4,Male,44,3,2,"Sales Executive",4,Single,4105,1k-5k,5099,1,No,14,3,1,0,7,5,3,7,7,0,7
1966,1,32,27-35,No,"Travel Rarely",1373,"Research & Development",5,4,"Life Sciences",4,Male,56,2,2,"Manufacturing Director",4,Single,9679,5k-10k,10138,8,No,24,4,2,0,8,1,3,1,0,0,0
1967,1,31,27-35,Yes,"Travel Frequently",754,Sales,26,4,Marketing,1,Male,63,3,2,"Sales Executive",4,Married,5617,5k-10k,21075,1,Yes,11,3,3,0,10,4,3,10,7,0,8
1968,1,53,45-53,Yes,"Travel Rarely",1168,Sales,24,4,"Life Sciences",1,Male,66,3,3,"Sales Executive",1,Single,10448,10k-15k,5843,6,Yes,13,3,2,0,15,2,2,2,2,2,2
1969,1,54,54-60,No,"Travel Rarely",155,"Research & Development",9,2,"Life Sciences",1,Female,67,3,2,"Research Scientist",3,Married,2897,1k-5k,22474,3,No,11,3,3,2,9,6,2,4,3,2,3
1970,1,33,27-35,No,"Travel Frequently",1303,"Research & Development",7,2,"Life Sciences",4,Male,36,3,2,"Healthcare Representative",3,Divorced,5968,5k-10k,18079,1,No,20,4,3,3,9,2,3,9,7,2,8
1971,1,43,36-44,No,"Travel Rarely",574,"Research & Development",11,3,"Life Sciences",1,Male,30,3,3,"Healthcare Representative",3,Married,7510,5k-10k,16873,1,No,17,3,2,1,10,1,3,10,9,0,9
1972,1,38,36-44,No,"Travel Frequently",1444,"Human Resources",1,4,Other,4,Male,88,3,1,"Human Resources",2,Married,2991,1k-5k,5224,0,Yes,11,3,2,1,7,2,3,6,2,1,2
1973,1,55,54-60,No,"Travel Rarely",189,"Human Resources",26,4,"Human Resources",3,Male,71,4,5,Manager,2,Married,19636,15k-20k,25811,4,Yes,18,3,1,1,35,0,3,10,9,1,4
1974,1,31,27-35,No,"Travel Rarely",1276,"Research & Development",2,1,Medical,4,Female,59,1,1,"Laboratory Technician",4,Divorced,1129,1k-5k,17536,1,Yes,11,3,3,3,1,4,3,1,0,0,0
1975,1,39,36-44,No,"Travel Rarely",119,Sales,15,4,Marketing,2,Male,77,3,4,"Sales Executive",1,Single,13341,10k-15k,25098,0,No,12,3,1,0,21,3,3,20,8,11,10
1976,1,42,36-44,No,Non-Travel,335,"Research & Development",23,2,"Life Sciences",4,Male,37,2,2,"Research Scientist",3,Single,4332,1k-5k,14811,1,No,12,3,4,0,20,2,3,20,9,3,7
1979,1,31,27-35,No,Non-Travel,697,"Research & Development",10,3,Medical,3,Female,40,3,3,"Research Director",3,Married,11031,10k-15k,26862,4,No,20,4,3,1,13,2,4,11,7,4,8
1980,1,54,54-60,No,"Travel Rarely",157,"Research & Development",10,3,Medical,3,Female,77,3,2,"Manufacturing Director",1,Single,4440,1k-5k,25198,6,Yes,19,3,4,0,9,3,3,5,2,1,4
1981,1,24,18-26,No,"Travel Rarely",771,"Research & Development",1,2,"Life Sciences",2,Male,45,2,2,"Healthcare Representative",3,Single,4617,1k-5k,14120,1,No,12,3,2,0,4,2,2,4,3,1,2
1982,1,23,18-26,No,"Travel Rarely",571,"Research & Development",12,2,Other,4,Male,78,3,1,"Laboratory Technician",4,Single,2647,1k-5k,13672,1,No,13,3,3,0,5,6,4,5,2,1,4
1985,1,40,36-44,No,"Travel Frequently",692,"Research & Development",11,3,"Technical Degree",4,Female,73,3,2,"Laboratory Technician",3,Married,6323,5k-10k,26849,1,No,11,3,1,1,10,2,4,10,9,9,4
1986,1,40,36-44,No,"Travel Rarely",444,Sales,2,2,Marketing,2,Female,92,3,2,"Sales Executive",2,Married,5677,5k-10k,4258,3,No,14,3,3,1,15,4,3,11,8,5,10
1987,1,25,18-26,No,"Travel Rarely",309,"Human Resources",2,3,"Human Resources",3,Female,82,3,1,"Human Resources",2,Married,2187,1k-5k,19655,4,No,14,3,3,0,6,3,3,2,0,1,2
1989,1,30,27-35,No,"Travel Rarely",911,"Research & Development",1,2,Medical,4,Male,76,3,1,"Laboratory Technician",2,Married,3748,1k-5k,4077,1,No,13,3,3,0,12,6,2,12,8,1,7
1992,1,25,18-26,No,"Travel Rarely",977,"Research & Development",2,1,Other,4,Male,57,3,1,"Laboratory Technician",3,Divorced,3977,1k-5k,7298,6,Yes,19,3,3,1,7,2,2,2,2,0,2
1993,1,47,45-53,No,"Travel Rarely",1180,"Research & Development",25,3,Medical,1,Male,84,3,3,"Healthcare Representative",3,Single,8633,5k-10k,13084,2,No,23,4,2,0,25,3,3,17,14,12,11
1994,1,33,27-35,No,Non-Travel,1313,"Research & Development",1,2,Medical,2,Male,59,2,1,"Laboratory Technician",3,Divorced,2008,1k-5k,20439,1,No,12,3,3,3,1,2,2,1,1,0,0
1995,1,38,36-44,No,"Travel Rarely",1321,Sales,1,4,"Life Sciences",4,Male,86,3,2,"Sales Executive",2,Married,4440,1k-5k,7636,0,No,15,3,1,2,16,3,3,15,13,5,8
1996,1,31,27-35,No,"Travel Rarely",1154,Sales,2,2,"Life Sciences",1,Male,54,3,1,"Sales Representative",3,Married,3067,1k-5k,6393,0,No,19,3,3,1,3,1,3,2,2,1,2
1997,1,38,36-44,No,"Travel Frequently",508,"Research & Development",6,4,"Life Sciences",1,Male,72,2,2,"Manufacturing Director",3,Married,5321,5k-10k,14284,2,No,11,3,4,1,10,1,3,8,3,7,7
1998,1,42,36-44,No,"Travel Rarely",557,"Research & Development",18,4,"Life Sciences",4,Male,35,3,2,"Research Scientist",1,Divorced,5410,5k-10k,11189,6,Yes,17,3,3,1,9,3,2,4,3,1,2
1999,1,41,36-44,No,"Travel Rarely",642,"Research & Development",1,3,"Life Sciences",4,Male,76,3,1,"Research Scientist",4,Married,2782,1k-5k,21412,3,No,22,4,1,1,12,3,3,5,3,1,0
2000,1,47,45-53,No,Non-Travel,1162,"Research & Development",1,1,Medical,3,Female,98,3,3,"Research Director",2,Married,11957,10k-15k,17231,0,No,18,3,1,2,14,3,1,13,8,5,12
2003,1,35,27-35,No,"Travel Rarely",1490,"Research & Development",11,4,Medical,4,Male,43,3,1,"Laboratory Technician",3,Married,2660,1k-5k,20232,7,Yes,11,3,3,1,5,3,3,2,2,2,2
2007,1,22,18-26,No,"Travel Rarely",581,"Research & Development",1,2,"Life Sciences",4,Male,63,3,1,"Research Scientist",3,Single,3375,1k-5k,17624,0,No,12,3,4,0,4,2,4,3,2,1,2
2008,1,35,27-35,No,"Travel Rarely",1395,"Research & Development",9,4,Medical,2,Male,48,3,2,"Research Scientist",3,Single,5098,5k-10k,18698,1,No,19,3,2,0,10,5,3,10,7,0,8
2009,1,33,27-35,No,"Travel Rarely",501,"Research & Development",15,2,Medical,2,Female,95,3,2,"Healthcare Representative",4,Married,4878,1k-5k,21653,0,Yes,13,3,1,1,10,6,3,9,7,8,1
2010,1,32,27-35,No,"Travel Rarely",267,"Research & Development",29,4,"Life Sciences",3,Female,49,2,1,"Laboratory Technician",2,Single,2837,1k-5k,15919,1,No,13,3,3,0,6,3,3,6,2,4,1
2012,1,40,36-44,No,"Travel Rarely",543,"Research & Development",1,4,"Life Sciences",1,Male,83,3,1,"Laboratory Technician",4,Married,2406,1k-5k,4060,8,No,19,3,3,2,8,3,2,1,0,0,0
2013,1,32,27-35,No,"Travel Rarely",234,Sales,1,4,Medical,2,Male,68,2,1,"Sales Representative",2,Married,2269,1k-5k,18024,0,No,14,3,2,1,3,2,3,2,2,2,2
2014,1,39,36-44,No,"Travel Rarely",116,"Research & Development",24,1,"Life Sciences",1,Male,52,3,2,"Research Scientist",4,Single,4108,1k-5k,5340,7,No,13,3,1,0,18,2,3,7,7,1,7
2015,1,38,36-44,No,"Travel Rarely",201,"Research & Development",10,3,Medical,2,Female,99,1,3,"Research Director",3,Married,13206,10k-15k,3376,3,No,12,3,1,1,20,3,3,18,16,1,11
2016,1,32,27-35,No,"Travel Rarely",801,Sales,1,4,Marketing,3,Female,48,3,3,"Sales Executive",4,Married,10422,10k-15k,24032,1,No,19,3,3,2,14,3,3,14,10,5,7
2017,1,37,36-44,No,"Travel Rarely",161,"Research & Development",10,3,"Life Sciences",3,Female,42,4,3,"Research Director",4,Married,13744,10k-15k,15471,1,Yes,25,4,1,1,16,2,3,16,11,6,8
2018,1,25,18-26,No,"Travel Rarely",1382,Sales,8,2,Other,1,Female,85,3,2,"Sales Executive",3,Divorced,4907,1k-5k,13684,0,Yes,22,4,2,1,6,3,2,5,3,0,4
2019,1,52,45-53,No,Non-Travel,585,Sales,29,4,"Life Sciences",1,Male,40,3,1,"Sales Representative",4,Divorced,3482,1k-5k,19788,2,No,15,3,2,2,16,3,2,9,8,0,0
2020,1,44,36-44,No,"Travel Rarely",1037,"Research & Development",1,3,Medical,2,Male,42,3,1,"Research Scientist",4,Single,2436,1k-5k,13422,6,Yes,12,3,3,0,6,2,3,4,3,1,2
2021,1,21,18-26,No,"Travel Rarely",501,Sales,5,1,Medical,3,Male,58,3,1,"Sales Representative",1,Single,2380,1k-5k,25479,1,Yes,11,3,4,0,2,6,3,2,2,1,2
2022,1,39,36-44,No,Non-Travel,105,"Research & Development",9,3,"Life Sciences",4,Male,87,3,5,Manager,4,Single,19431,15k-20k,15302,2,No,13,3,3,0,21,3,2,6,0,1,3
2023,1,23,18-26,Yes,"Travel Frequently",638,Sales,9,3,Marketing,4,Male,33,3,1,"Sales Representative",1,Married,1790,1k-5k,26956,1,No,19,3,1,1,1,3,2,1,0,1,0
2024,1,36,36-44,No,"Travel Rarely",557,Sales,3,3,Medical,1,Female,94,2,3,"Sales Executive",4,Married,7644,5k-10k,12695,0,No,19,3,3,2,10,2,3,9,7,3,4
2025,1,36,36-44,No,"Travel Frequently",688,"Research & Development",4,2,"Life Sciences",4,Female,97,3,2,"Manufacturing Director",2,Divorced,5131,5k-10k,9192,7,No,13,3,2,3,18,3,3,4,2,0,2
2026,1,56,54-60,No,Non-Travel,667,"Research & Development",1,4,"Life Sciences",3,Male,57,3,2,"Healthcare Representative",3,Divorced,6306,5k-10k,26236,1,No,21,4,1,1,13,2,2,13,12,1,9
2027,1,29,27-35,Yes,"Travel Rarely",1092,"Research & Development",1,4,Medical,1,Male,36,3,1,"Research Scientist",4,Married,4787,1k-5k,26124,9,Yes,14,3,2,3,4,3,4,2,2,2,2
2031,1,42,36-44,No,"Travel Rarely",300,"Research & Development",2,3,"Life Sciences",1,Male,56,3,5,Manager,3,Married,18880,15k-20k,17312,5,No,11,3,1,0,24,2,2,22,6,4,14
2032,1,56,54-60,Yes,"Travel Rarely",310,"Research & Development",7,2,"Technical Degree",4,Male,72,3,1,"Laboratory Technician",3,Married,2339,1k-5k,3666,8,No,11,3,4,1,14,4,1,10,9,9,8
2034,1,41,36-44,No,"Travel Rarely",582,"Research & Development",28,4,"Life Sciences",1,Female,60,2,4,"Manufacturing Director",2,Married,13570,10k-15k,5640,0,No,23,4,3,1,21,3,3,20,7,0,10
2035,1,34,27-35,No,"Travel Rarely",704,Sales,28,3,Marketing,4,Female,95,2,2,"Sales Executive",3,Married,6712,5k-10k,8978,1,No,21,4,4,2,8,2,3,8,7,1,7
2036,1,36,36-44,No,Non-Travel,301,Sales,15,4,Marketing,4,Male,88,1,2,"Sales Executive",4,Divorced,5406,5k-10k,10436,1,No,24,4,1,1,15,4,2,15,12,11,11
2037,1,41,36-44,No,"Travel Rarely",930,Sales,3,3,"Life Sciences",3,Male,57,2,2,"Sales Executive",2,Divorced,8938,5k-10k,12227,2,No,11,3,3,1,14,5,3,5,4,0,4
2038,1,32,27-35,No,"Travel Rarely",529,"Research & Development",2,3,"Technical Degree",4,Male,78,3,1,"Research Scientist",1,Single,2439,1k-5k,11288,1,No,14,3,4,0,4,4,3,4,2,1,2
2040,1,35,27-35,No,"Travel Rarely",1146,"Human Resources",26,4,"Life Sciences",3,Female,31,3,3,"Human Resources",4,Single,8837,5k-10k,16642,1,Yes,16,3,3,0,9,2,3,9,0,1,7
2041,1,38,36-44,No,"Travel Rarely",345,Sales,10,2,"Life Sciences",1,Female,100,3,2,"Sales Executive",4,Married,5343,5k-10k,5982,1,No,11,3,3,1,10,1,3,10,7,1,9
2044,1,50,45-53,Yes,"Travel Frequently",878,Sales,1,4,"Life Sciences",2,Male,94,3,2,"Sales Executive",3,Divorced,6728,5k-10k,14255,7,No,12,3,4,2,12,3,3,6,3,0,1
2045,1,36,36-44,No,"Travel Rarely",1120,Sales,11,4,Marketing,2,Female,100,2,2,"Sales Executive",4,Married,6652,5k-10k,14369,4,No,13,3,1,1,8,2,2,6,3,0,0
2046,1,45,45-53,No,"Travel Rarely",374,Sales,20,3,"Life Sciences",4,Female,50,3,2,"Sales Executive",3,Single,4850,1k-5k,23333,8,No,15,3,3,0,8,3,3,5,3,0,1
2048,1,40,36-44,No,"Travel Rarely",1322,"Research & Development",2,4,"Life Sciences",3,Male,52,2,1,"Research Scientist",3,Single,2809,1k-5k,2725,2,No,14,3,4,0,8,2,3,2,2,2,2
2049,1,35,27-35,No,"Travel Frequently",1199,"Research & Development",18,4,"Life Sciences",3,Male,80,3,2,"Healthcare Representative",3,Married,5689,5k-10k,24594,1,Yes,14,3,4,2,10,2,4,10,2,0,2
2051,1,40,36-44,No,"Travel Rarely",1194,"Research & Development",2,4,Medical,3,Female,98,3,1,"Research Scientist",3,Married,2001,1k-5k,12549,2,No,14,3,2,3,20,2,3,5,3,0,2
2052,1,35,27-35,No,"Travel Rarely",287,"Research & Development",1,4,"Life Sciences",3,Female,62,1,1,"Research Scientist",4,Married,2977,1k-5k,8952,1,No,12,3,4,1,4,5,3,4,3,1,1
2053,1,29,27-35,No,"Travel Rarely",1378,"Research & Development",13,2,Other,4,Male,46,2,2,"Laboratory Technician",2,Married,4025,1k-5k,23679,4,Yes,13,3,1,1,10,2,3,4,3,0,3
2054,1,29,27-35,No,"Travel Rarely",468,"Research & Development",28,4,Medical,4,Female,73,2,1,"Research Scientist",1,Single,3785,1k-5k,8489,1,No,14,3,2,0,5,3,1,5,4,0,4
2055,1,50,45-53,Yes,"Travel Rarely",410,Sales,28,3,Marketing,4,Male,39,2,3,"Sales Executive",1,Divorced,10854,10k-15k,16586,4,Yes,13,3,2,1,20,3,3,3,2,2,0
2056,1,39,36-44,No,"Travel Rarely",722,Sales,24,1,Marketing,2,Female,60,2,4,"Sales Executive",4,Married,12031,10k-15k,8828,0,No,11,3,1,1,21,2,2,20,9,9,6
2057,1,31,27-35,No,Non-Travel,325,"Research & Development",5,3,Medical,2,Male,74,3,2,"Manufacturing Director",1,Single,9936,5k-10k,3787,0,No,19,3,2,0,10,2,3,9,4,1,7
2060,1,26,18-26,No,"Travel Rarely",1167,Sales,5,3,Other,4,Female,30,2,1,"Sales Representative",3,Single,2966,1k-5k,21378,0,No,18,3,4,0,5,2,3,4,2,0,0
2061,1,36,36-44,No,"Travel Frequently",884,"Research & Development",23,2,Medical,3,Male,41,4,2,"Laboratory Technician",4,Married,2571,1k-5k,12290,4,No,17,3,3,1,17,3,3,5,2,0,3
2062,1,39,36-44,No,"Travel Rarely",613,"Research & Development",6,1,Medical,4,Male,42,2,3,"Healthcare Representative",1,Married,9991,5k-10k,21457,4,No,15,3,1,1,9,5,3,7,7,1,7
2064,1,27,27-35,No,"Travel Rarely",155,"Research & Development",4,3,"Life Sciences",2,Male,87,4,2,"Manufacturing Director",2,Married,6142,5k-10k,5174,1,Yes,20,4,2,1,6,0,3,6,2,0,3
2065,1,49,45-53,No,"Travel Frequently",1023,Sales,2,3,Medical,4,Male,63,2,2,"Sales Executive",2,Married,5390,5k-10k,13243,2,No,14,3,4,0,17,3,2,9,6,0,8
2068,1,34,27-35,No,"Travel Rarely",628,"Research & Development",8,3,Medical,2,Male,82,4,2,"Laboratory Technician",3,Married,4404,1k-5k,10228,2,No,12,3,1,0,6,3,4,4,3,1,2
